t,channel,censored,rate
0.0,tau_R,0,0.0
0.01,tau_R,0,0.0
0.02,tau_R,0,0.0
0.03,tau_R,0,0.0
0.04,tau_R,0,0.0
0.05,tau_R,0,0.0
0.06,tau_R,0,0.0
0.07,tau_R,0,0.0
0.08,tau_R,0,0.0
0.09,tau_R,0,0.0
0.1,tau_R,0,0.0
0.11,tau_R,0,0.0
0.12,tau_R,0,0.0
0.13,tau_R,0,0.0
0.14,tau_R,0,0.0
0.15,tau_R,0,0.0
0.16,tau_R,0,0.0
0.17,tau_R,0,0.0
0.18,tau_R,0,0.0
0.19,tau_R,0,0.0
0.2,tau_R,0,0.0
0.21,tau_R,0,0.0
0.22,tau_R,0,0.0
0.23,tau_R,0,0.0
0.24,tau_R,0,0.0
0.25,tau_R,0,0.0
0.26,tau_R,0,0.0
0.27,tau_R,0,0.0
0.28,tau_R,0,0.0
0.29,tau_R,0,0.0
0.3,tau_R,0,0.0
0.31,tau_R,0,0.0
0.32,tau_R,0,0.0
0.33,tau_R,0,0.0
0.34,tau_R,0,0.0
0.35000000000000003,tau_R,0,0.0
0.36,tau_R,0,0.0
0.37,tau_R,0,0.0
0.38,tau_R,0,0.0
0.39,tau_R,0,0.0
0.4,tau_R,0,0.0
0.41000000000000003,tau_R,0,0.0
0.42,tau_R,0,0.0
0.43,tau_R,0,0.0
0.44,tau_R,0,0.0
0.45,tau_R,0,0.0
0.46,tau_R,0,0.0
0.47000000000000003,tau_R,0,0.0
0.48,tau_R,0,0.0
0.49,tau_R,0,0.0
0.5,tau_R,0,0.0
0.51,tau_R,0,0.0
0.52,tau_R,0,0.0
0.53,tau_R,0,0.0
0.54,tau_R,0,0.0
0.55,tau_R,0,0.0
0.56,tau_R,0,0.0
0.5700000000000001,tau_R,0,0.0
0.58,tau_R,0,0.0
0.59,tau_R,0,0.0
0.6,tau_R,0,0.0
0.61,tau_R,0,0.0
0.62,tau_R,0,0.0
0.63,tau_R,0,0.0
0.64,tau_R,0,0.0
0.65,tau_R,0,0.0
0.66,tau_R,0,0.0
0.67,tau_R,0,0.0
0.68,tau_R,0,0.0
0.6900000000000001,tau_R,0,0.0
0.7000000000000001,tau_R,0,0.0
0.71,tau_R,0,0.0
0.72,tau_R,0,0.0
0.73,tau_R,0,0.0
0.74,tau_R,0,0.0
0.75,tau_R,0,0.0
0.76,tau_R,0,0.0
0.77,tau_R,0,0.0
0.78,tau_R,0,0.0
0.79,tau_R,0,0.0
0.8,tau_R,0,0.0
0.81,tau_R,0,0.0
0.8200000000000001,tau_R,0,0.0
0.8300000000000001,tau_R,0,0.0
0.84,tau_R,0,0.0
0.85,tau_R,0,0.0
0.86,tau_R,0,0.0
0.87,tau_R,0,0.0
0.88,tau_R,0,0.0
0.89,tau_R,0,0.0
0.9,tau_R,0,0.0
0.91,tau_R,0,0.0
0.92,tau_R,0,0.0
0.93,tau_R,0,0.0
0.9400000000000001,tau_R,0,0.0
0.9500000000000001,tau_R,0,0.0
0.96,tau_R,0,0.0
0.97,tau_R,0,0.0
0.98,tau_R,0,0.0
0.99,tau_R,0,0.0
1.0,tau_R,0,0.0
1.01,tau_R,0,0.0
1.02,tau_R,0,0.0
1.03,tau_R,0,0.0
1.04,tau_R,0,0.0
1.05,tau_R,0,0.0
1.06,tau_R,0,0.0
1.07,tau_R,0,0.0
1.08,tau_R,0,0.0
1.09,tau_R,0,0.0
1.1,tau_R,0,0.0
1.11,tau_R,0,0.0
1.12,tau_R,0,0.0
1.1300000000000001,tau_R,0,0.0
1.1400000000000001,tau_R,0,0.0
1.1500000000000001,tau_R,0,0.0
1.16,tau_R,0,0.0
1.17,tau_R,0,0.0
1.18,tau_R,0,0.0
1.19,tau_R,0,0.0
1.2,tau_R,0,0.0
1.21,tau_R,0,0.0
1.22,tau_R,0,0.0
1.23,tau_R,0,0.0
1.24,tau_R,0,0.0
1.25,tau_R,0,0.0
1.26,tau_R,0,0.0
1.27,tau_R,0,0.0
1.28,tau_R,0,0.0
1.29,tau_R,0,0.0
1.3,tau_R,0,0.0
1.31,tau_R,0,0.0
1.32,tau_R,0,0.0
1.33,tau_R,0,0.0
1.34,tau_R,0,0.0
1.35,tau_R,0,0.0
1.36,tau_R,0,0.0
1.37,tau_R,0,0.0
1.3800000000000001,tau_R,0,0.0
1.3900000000000001,tau_R,0,0.0
1.4000000000000001,tau_R,0,0.0
1.41,tau_R,0,0.0
1.42,tau_R,0,0.0
1.43,tau_R,0,0.0
1.44,tau_R,0,0.0
1.45,tau_R,0,0.0
1.46,tau_R,0,0.0
1.47,tau_R,0,0.0
1.48,tau_R,0,0.0
1.49,tau_R,0,0.0
1.5,tau_R,0,0.0
1.51,tau_R,0,0.0
1.52,tau_R,0,0.0
1.53,tau_R,0,0.0
1.54,tau_R,0,0.0
1.55,tau_R,0,0.0
1.56,tau_R,0,0.0
1.57,tau_R,0,0.0
1.58,tau_R,0,0.0
1.59,tau_R,0,0.0
1.6,tau_R,0,0.0
1.61,tau_R,0,0.0
1.62,tau_R,0,0.0
1.6300000000000001,tau_R,0,0.0
1.6400000000000001,tau_R,0,0.0
1.6500000000000001,tau_R,0,0.0
1.6600000000000001,tau_R,0,0.0
1.67,tau_R,0,0.0
1.68,tau_R,0,0.0
1.69,tau_R,0,0.0
1.7,tau_R,0,0.0
1.71,tau_R,0,0.0
1.72,tau_R,0,0.0
1.73,tau_R,0,0.0
1.74,tau_R,0,0.0
1.75,tau_R,0,0.0
1.76,tau_R,0,0.0
1.77,tau_R,0,0.0
1.78,tau_R,0,0.0
1.79,tau_R,0,0.0
1.8,tau_R,0,0.0
1.81,tau_R,0,0.0
1.82,tau_R,0,0.0
1.83,tau_R,0,0.0
1.84,tau_R,0,0.0
1.85,tau_R,0,0.0
1.86,tau_R,0,0.0
1.87,tau_R,0,0.0
1.8800000000000001,tau_R,0,0.0
1.8900000000000001,tau_R,0,0.0
1.9000000000000001,tau_R,0,0.0
1.9100000000000001,tau_R,0,0.0
1.92,tau_R,0,0.0
1.93,tau_R,0,0.0
1.94,tau_R,0,0.0
1.95,tau_R,0,0.0
1.96,tau_R,0,0.0
1.97,tau_R,0,0.0
1.98,tau_R,0,0.0
1.99,tau_R,0,0.0
2.0,tau_R,0,0.0
2.0100000000000002,tau_R,0,0.0
2.02,tau_R,0,0.0
2.0300000000000002,tau_R,0,0.0
2.04,tau_R,0,0.0
2.05,tau_R,0,0.0
2.06,tau_R,0,0.0
2.07,tau_R,0,0.0
2.08,tau_R,0,0.0
2.09,tau_R,0,0.0
2.1,tau_R,0,0.0
2.11,tau_R,0,0.0
2.12,tau_R,0,0.0
2.13,tau_R,0,0.0
2.14,tau_R,0,0.0
2.15,tau_R,0,0.0
2.16,tau_R,0,0.0
2.17,tau_R,0,0.0
2.18,tau_R,0,0.0
2.19,tau_R,0,0.0
2.2,tau_R,0,0.0
2.21,tau_R,0,0.0
2.22,tau_R,0,0.0
2.23,tau_R,0,0.0
2.24,tau_R,0,0.0
2.25,tau_R,0,0.0
2.2600000000000002,tau_R,0,0.0
2.27,tau_R,0,0.0
2.2800000000000002,tau_R,0,0.0
2.29,tau_R,0,0.0
2.3000000000000003,tau_R,0,0.0
2.31,tau_R,0,0.0
2.32,tau_R,0,0.0
2.33,tau_R,0,0.0
2.34,tau_R,0,0.0
2.35,tau_R,0,0.0
2.36,tau_R,0,0.0
2.37,tau_R,0,0.0
2.38,tau_R,0,0.0
2.39,tau_R,0,0.0
2.4,tau_R,0,0.0
2.41,tau_R,0,0.0
2.42,tau_R,0,0.0
2.43,tau_R,0,0.0
2.44,tau_R,0,0.0
2.45,tau_R,0,0.0
2.46,tau_R,0,0.0
2.47,tau_R,0,0.0
2.48,tau_R,0,0.0
2.49,tau_R,0,0.0
2.5,tau_R,0,0.0
2.5100000000000002,tau_R,0,0.0
2.52,tau_R,0,0.0
2.5300000000000002,tau_R,0,0.0
2.54,tau_R,0,0.0
2.5500000000000003,tau_R,0,0.0
2.56,tau_R,0,0.0
2.57,tau_R,0,0.0
2.58,tau_R,0,0.0
2.59,tau_R,0,0.0
2.6,tau_R,0,0.0
2.61,tau_R,0,0.0
2.62,tau_R,0,0.0
2.63,tau_R,0,0.0
2.64,tau_R,0,0.0
2.65,tau_R,0,0.0
2.66,tau_R,0,0.0
2.67,tau_R,0,0.0
2.68,tau_R,0,0.0
2.69,tau_R,0,0.0
2.7,tau_R,0,0.0
2.71,tau_R,0,0.0
2.72,tau_R,0,0.0
2.73,tau_R,0,0.0
2.74,tau_R,0,0.0
2.75,tau_R,0,0.0
2.7600000000000002,tau_R,0,0.0
2.77,tau_R,0,0.0
2.7800000000000002,tau_R,0,0.0
2.79,tau_R,0,0.0
2.8000000000000003,tau_R,0,0.0
2.81,tau_R,0,0.0
2.82,tau_R,0,0.0
2.83,tau_R,0,0.0
2.84,tau_R,0,0.0
2.85,tau_R,0,0.0
2.86,tau_R,0,0.0
2.87,tau_R,0,0.0
2.88,tau_R,0,0.0
2.89,tau_R,0,0.0
2.9,tau_R,0,0.0
2.91,tau_R,0,0.0
2.92,tau_R,0,0.0
2.93,tau_R,0,0.0
2.94,tau_R,0,0.0
2.95,tau_R,0,0.0
2.96,tau_R,0,0.0
2.97,tau_R,0,0.0
2.98,tau_R,0,0.0
2.99,tau_R,0,0.0
3.0,tau_R,0,0.0
3.0100000000000002,tau_R,0,0.0
3.02,tau_R,0,0.0
3.0300000000000002,tau_R,0,0.0
3.04,tau_R,0,0.0
3.0500000000000003,tau_R,0,0.0
3.06,tau_R,0,0.0
3.0700000000000003,tau_R,0,0.0
3.08,tau_R,0,0.0
3.09,tau_R,0,0.0
3.1,tau_R,0,0.0
3.11,tau_R,0,0.0
3.12,tau_R,0,0.0
3.13,tau_R,0,0.0
3.14,tau_R,0,0.0
3.15,tau_R,0,0.0
3.16,tau_R,0,0.0
3.17,tau_R,0,0.0
3.18,tau_R,0,0.0
3.19,tau_R,0,0.0
3.2,tau_R,0,0.0
3.21,tau_R,0,0.0
3.22,tau_R,0,0.0
3.23,tau_R,0,0.0
3.24,tau_R,0,0.0
3.25,tau_R,0,0.0
3.2600000000000002,tau_R,0,0.0
3.27,tau_R,0,0.0
3.2800000000000002,tau_R,0,0.0
3.29,tau_R,0,0.0
3.3000000000000003,tau_R,0,0.0
3.31,tau_R,0,0.0
3.3200000000000003,tau_R,0,0.0
3.33,tau_R,0,0.0
3.34,tau_R,0,0.0
3.35,tau_R,0,0.0
3.36,tau_R,0,0.0
3.37,tau_R,0,0.0
3.38,tau_R,0,0.0
3.39,tau_R,0,0.0
3.4,tau_R,0,0.0
3.41,tau_R,0,0.0
3.42,tau_R,0,0.0
3.43,tau_R,0,0.0
3.44,tau_R,0,0.0
3.45,tau_R,0,0.0
3.46,tau_R,0,0.0
3.47,tau_R,0,0.0
3.48,tau_R,0,0.0
3.49,tau_R,0,0.0
3.5,tau_R,0,0.0
3.5100000000000002,tau_R,0,0.0
3.52,tau_R,0,0.0
3.5300000000000002,tau_R,0,0.0
3.54,tau_R,0,0.0
3.5500000000000003,tau_R,0,0.0
3.56,tau_R,0,0.0
3.5700000000000003,tau_R,0,0.0
3.58,tau_R,0,0.0
3.59,tau_R,0,0.0
3.6,tau_R,0,0.0
3.61,tau_R,0,0.0
3.62,tau_R,0,0.0
3.63,tau_R,0,0.0
3.64,tau_R,0,0.0
3.65,tau_R,0,0.0
3.66,tau_R,0,0.0
3.67,tau_R,0,0.0
3.68,tau_R,0,0.0
3.69,tau_R,0,0.0
3.7,tau_R,0,0.0
3.71,tau_R,0,0.0
3.72,tau_R,0,0.0
3.73,tau_R,0,0.0
3.74,tau_R,0,0.0
3.75,tau_R,0,0.0
3.7600000000000002,tau_R,0,0.0
3.77,tau_R,0,0.0
3.7800000000000002,tau_R,0,0.0
3.79,tau_R,0,0.0
3.8000000000000003,tau_R,0,0.0
3.81,tau_R,0,0.0
3.8200000000000003,tau_R,0,0.0
3.83,tau_R,0,0.0
3.84,tau_R,0,0.0
3.85,tau_R,0,0.0
3.86,tau_R,0,0.0
3.87,tau_R,0,0.0
3.88,tau_R,0,0.0
3.89,tau_R,0,0.0
3.9,tau_R,0,0.0
3.91,tau_R,0,0.0
3.92,tau_R,0,0.0
3.93,tau_R,0,0.0
3.94,tau_R,0,0.0
3.95,tau_R,0,0.0
3.96,tau_R,0,0.0
3.97,tau_R,0,0.0
3.98,tau_R,0,0.0
3.99,tau_R,0,0.0
4.0,tau_R,0,0.0
4.01,tau_R,0,0.0
4.0200000000000005,tau_R,0,0.0
4.03,tau_R,0,0.0
4.04,tau_R,0,0.0
4.05,tau_R,0,0.0
4.0600000000000005,tau_R,0,0.0
4.07,tau_R,0,0.0
4.08,tau_R,0,0.0
4.09,tau_R,0,0.0
4.1,tau_R,0,0.0
4.11,tau_R,0,0.0
4.12,tau_R,0,0.0
4.13,tau_R,0,0.0
4.14,tau_R,0,0.0
4.15,tau_R,0,0.0
4.16,tau_R,0,0.0
4.17,tau_R,0,0.0
4.18,tau_R,0,0.0
4.19,tau_R,0,0.0
4.2,tau_R,0,0.0
4.21,tau_R,0,0.0
4.22,tau_R,0,0.0
4.23,tau_R,0,0.0
4.24,tau_R,0,0.0
4.25,tau_R,0,0.0
4.26,tau_R,0,0.0
4.2700000000000005,tau_R,0,0.0
4.28,tau_R,0,0.0
4.29,tau_R,0,0.0
4.3,tau_R,0,0.0
4.3100000000000005,tau_R,0,0.0
4.32,tau_R,0,0.0
4.33,tau_R,0,0.0
4.34,tau_R,0,0.0
4.3500000000000005,tau_R,0,0.0
4.36,tau_R,0,0.0
4.37,tau_R,0,0.0
4.38,tau_R,0,0.0
4.39,tau_R,0,0.0
4.4,tau_R,0,0.0
4.41,tau_R,0,0.0
4.42,tau_R,0,0.0
4.43,tau_R,0,0.0
4.44,tau_R,0,0.0
4.45,tau_R,0,0.0
4.46,tau_R,0,0.0
4.47,tau_R,0,0.0
4.48,tau_R,0,0.0
4.49,tau_R,0,0.0
4.5,tau_R,0,0.0
4.51,tau_R,0,0.0
4.5200000000000005,tau_R,0,0.0
4.53,tau_R,0,0.0
4.54,tau_R,0,0.0
4.55,tau_R,0,0.0
4.5600000000000005,tau_R,0,0.0
4.57,tau_R,0,0.0
4.58,tau_R,0,0.0
4.59,tau_R,0,0.0
4.6000000000000005,tau_R,0,0.0
4.61,tau_R,0,0.0
4.62,tau_R,0,0.0
4.63,tau_R,0,0.0
4.64,tau_R,0,0.0
4.65,tau_R,0,0.0
4.66,tau_R,0,0.0
4.67,tau_R,0,0.0
4.68,tau_R,0,0.0
4.69,tau_R,0,0.0
4.7,tau_R,0,0.0
4.71,tau_R,0,0.0
4.72,tau_R,0,0.0
4.73,tau_R,0,0.0
4.74,tau_R,0,0.0
4.75,tau_R,0,0.0
4.76,tau_R,0,0.0
4.7700000000000005,tau_R,0,0.0
4.78,tau_R,0,0.0
4.79,tau_R,0,0.0
4.8,tau_R,0,0.0
4.8100000000000005,tau_R,0,0.0
4.82,tau_R,0,0.0
4.83,tau_R,0,0.0
4.84,tau_R,0,0.0
4.8500000000000005,tau_R,0,0.0
4.86,tau_R,0,0.0
4.87,tau_R,0,0.0
4.88,tau_R,0,0.0
4.89,tau_R,0,0.0
4.9,tau_R,0,0.0
4.91,tau_R,0,0.0
4.92,tau_R,0,0.0
4.93,tau_R,0,0.0
4.94,tau_R,0,0.0
4.95,tau_R,0,0.0
4.96,tau_R,0,0.0
4.97,tau_R,0,0.0
4.98,tau_R,0,0.0
4.99,tau_R,0,0.0
5.0,tau_R,0,0.0
5.01,tau_R,0,0.0
5.0200000000000005,tau_R,0,0.0
5.03,tau_R,0,0.0
5.04,tau_R,0,0.0
5.05,tau_R,0,0.0
5.0600000000000005,tau_R,0,0.0
5.07,tau_R,0,0.0
5.08,tau_R,0,0.0
5.09,tau_R,0,0.0
5.1000000000000005,tau_R,0,0.0
5.11,tau_R,0,0.0
5.12,tau_R,0,0.0
5.13,tau_R,0,0.0
5.14,tau_R,0,0.0
5.15,tau_R,0,0.0
5.16,tau_R,0,0.0
5.17,tau_R,0,0.0
5.18,tau_R,0,0.0
5.19,tau_R,0,0.0
5.2,tau_R,0,0.0
5.21,tau_R,0,0.0
5.22,tau_R,0,0.0
5.23,tau_R,0,0.0
5.24,tau_R,0,0.0
5.25,tau_R,0,0.0
5.26,tau_R,0,0.0
5.2700000000000005,tau_R,0,0.0
5.28,tau_R,0,0.0
5.29,tau_R,0,0.0
5.3,tau_R,0,0.0
5.3100000000000005,tau_R,0,0.0
5.32,tau_R,0,0.0
5.33,tau_R,0,0.0
5.34,tau_R,0,0.0
5.3500000000000005,tau_R,0,0.0
5.36,tau_R,0,0.0
5.37,tau_R,0,0.0
5.38,tau_R,0,0.0
5.39,tau_R,0,0.0
5.4,tau_R,0,0.0
5.41,tau_R,0,0.0
5.42,tau_R,0,0.0
5.43,tau_R,0,0.0
5.44,tau_R,0,0.0
5.45,tau_R,0,0.0
5.46,tau_R,0,0.0
5.47,tau_R,0,0.0
5.48,tau_R,0,0.0
5.49,tau_R,0,0.0
5.5,tau_R,0,0.0
5.51,tau_R,0,0.0
5.5200000000000005,tau_R,0,0.0
5.53,tau_R,0,0.0
5.54,tau_R,0,0.0
5.55,tau_R,0,0.0
5.5600000000000005,tau_R,0,0.0
5.57,tau_R,0,0.0
5.58,tau_R,0,0.0
5.59,tau_R,0,0.0
5.6000000000000005,tau_R,0,0.0
5.61,tau_R,0,0.0
5.62,tau_R,0,0.0
5.63,tau_R,0,0.0
5.64,tau_R,0,0.0
5.65,tau_R,0,0.0
5.66,tau_R,0,0.0
5.67,tau_R,0,0.0
5.68,tau_R,0,0.0
5.69,tau_R,0,0.0
5.7,tau_R,0,0.0
5.71,tau_R,0,0.0
5.72,tau_R,0,0.0
5.73,tau_R,0,0.0
5.74,tau_R,0,0.0
5.75,tau_R,0,0.0
5.76,tau_R,0,0.0
5.7700000000000005,tau_R,0,0.0
5.78,tau_R,0,0.0
5.79,tau_R,0,0.0
5.8,tau_R,0,0.0
5.8100000000000005,tau_R,0,0.0
5.82,tau_R,0,0.0
5.83,tau_R,0,0.0
5.84,tau_R,0,0.0
5.8500000000000005,tau_R,0,0.0
5.86,tau_R,0,0.0
5.87,tau_R,0,0.0
5.88,tau_R,0,0.0
5.89,tau_R,0,0.0
5.9,tau_R,0,0.0
5.91,tau_R,0,0.0
5.92,tau_R,0,0.0
5.93,tau_R,0,0.0
5.94,tau_R,0,0.0
5.95,tau_R,0,0.0
5.96,tau_R,0,0.0
5.97,tau_R,0,0.0
5.98,tau_R,0,0.0
5.99,tau_R,0,0.0
6.0,tau_R,0,0.0
6.01,tau_R,0,0.0
6.0200000000000005,tau_R,0,0.0
6.03,tau_R,0,0.0
6.04,tau_R,0,0.0
6.05,tau_R,0,0.0
6.0600000000000005,tau_R,0,0.0
6.07,tau_R,0,0.0
6.08,tau_R,0,0.0
6.09,tau_R,0,0.0
6.1000000000000005,tau_R,0,0.0
6.11,tau_R,0,0.0
6.12,tau_R,0,0.0
6.13,tau_R,0,0.0
6.140000000000001,tau_R,0,0.0
6.15,tau_R,0,0.0
6.16,tau_R,0,0.0
6.17,tau_R,0,0.0
6.18,tau_R,0,0.0
6.19,tau_R,0,0.0
6.2,tau_R,0,0.0
6.21,tau_R,0,0.0
6.22,tau_R,0,0.0
6.23,tau_R,0,0.0
6.24,tau_R,0,0.0
6.25,tau_R,0,0.0
6.26,tau_R,0,0.0
6.2700000000000005,tau_R,0,0.0
6.28,tau_R,0,0.0
6.29,tau_R,0,0.0
6.3,tau_R,0,0.0
6.3100000000000005,tau_R,0,0.0
6.32,tau_R,0,0.0
6.33,tau_R,0,0.0
6.34,tau_R,0,0.0
6.3500000000000005,tau_R,0,0.0
6.36,tau_R,0,0.0
6.37,tau_R,0,0.0
6.38,tau_R,0,0.0
6.390000000000001,tau_R,0,0.0
6.4,tau_R,0,0.0
6.41,tau_R,0,0.0
6.42,tau_R,0,0.0
6.43,tau_R,0,0.0
6.44,tau_R,0,0.0
6.45,tau_R,0,0.0
6.46,tau_R,0,0.0
6.47,tau_R,0,0.0
6.48,tau_R,0,0.0
6.49,tau_R,0,0.0
6.5,tau_R,0,0.0
6.51,tau_R,0,0.0
6.5200000000000005,tau_R,0,0.0
6.53,tau_R,0,0.0
6.54,tau_R,0,0.0
6.55,tau_R,0,0.0
6.5600000000000005,tau_R,0,0.0
6.57,tau_R,0,0.0
6.58,tau_R,0,0.0
6.59,tau_R,0,0.0
6.6000000000000005,tau_R,0,0.0
6.61,tau_R,0,0.0
6.62,tau_R,0,0.0
6.63,tau_R,0,0.0
6.640000000000001,tau_R,0,0.0
6.65,tau_R,0,0.0
6.66,tau_R,0,0.0
6.67,tau_R,0,0.0
6.68,tau_R,0,0.0
6.69,tau_R,0,0.0
6.7,tau_R,0,0.0
6.71,tau_R,0,0.0
6.72,tau_R,0,0.0
6.73,tau_R,0,0.0
6.74,tau_R,0,0.0
6.75,tau_R,0,0.0
6.76,tau_R,0,0.0
6.7700000000000005,tau_R,0,0.0
6.78,tau_R,0,0.0
6.79,tau_R,0,0.0
6.8,tau_R,0,0.0
6.8100000000000005,tau_R,0,0.0
6.82,tau_R,0,0.0
6.83,tau_R,0,0.0
6.84,tau_R,0,0.0
6.8500000000000005,tau_R,0,0.0
6.86,tau_R,0,0.0
6.87,tau_R,0,0.0
6.88,tau_R,0,0.0
6.890000000000001,tau_R,0,0.0
6.9,tau_R,0,0.0
6.91,tau_R,0,0.0
6.92,tau_R,0,0.0
6.93,tau_R,0,0.0
6.94,tau_R,0,0.0
6.95,tau_R,0,0.0
6.96,tau_R,0,0.0
6.97,tau_R,0,0.0
6.98,tau_R,0,0.0
6.99,tau_R,0,0.0
7.0,tau_R,0,0.0
7.01,tau_R,0,0.0
7.0200000000000005,tau_R,0,0.0
7.03,tau_R,0,0.0
7.04,tau_R,0,0.0
7.05,tau_R,0,0.0
7.0600000000000005,tau_R,0,0.0
7.07,tau_R,0,0.0
7.08,tau_R,0,0.0
7.09,tau_R,0,0.0
7.1000000000000005,tau_R,0,0.0
7.11,tau_R,0,0.0
7.12,tau_R,0,0.0
7.13,tau_R,0,0.0
7.140000000000001,tau_R,0,0.0
7.15,tau_R,0,0.0
7.16,tau_R,0,0.0
7.17,tau_R,0,0.0
7.18,tau_R,0,0.0
7.19,tau_R,0,0.0
7.2,tau_R,0,0.0
7.21,tau_R,0,0.0
7.22,tau_R,0,0.0
7.23,tau_R,0,0.0
7.24,tau_R,0,0.0
7.25,tau_R,0,0.0
7.26,tau_R,0,0.0
7.2700000000000005,tau_R,0,0.0
7.28,tau_R,0,0.0
7.29,tau_R,0,0.0
7.3,tau_R,0,0.0
7.3100000000000005,tau_R,0,0.0
7.32,tau_R,0,0.0
7.33,tau_R,0,0.0
7.34,tau_R,0,0.0
7.3500000000000005,tau_R,0,0.0
7.36,tau_R,0,0.0
7.37,tau_R,0,0.0
7.38,tau_R,0,0.0
7.390000000000001,tau_R,0,0.0
7.4,tau_R,0,0.0
7.41,tau_R,0,0.0
7.42,tau_R,0,0.0
7.43,tau_R,0,0.0
7.44,tau_R,0,0.0
7.45,tau_R,0,0.0
7.46,tau_R,0,0.0
7.47,tau_R,0,0.0
7.48,tau_R,0,0.0
7.49,tau_R,0,0.0
7.5,tau_R,0,0.0
7.51,tau_R,0,0.0
7.5200000000000005,tau_R,0,0.0
7.53,tau_R,0,0.0
7.54,tau_R,0,0.0
7.55,tau_R,0,0.0
7.5600000000000005,tau_R,0,0.0
7.57,tau_R,0,0.0
7.58,tau_R,0,0.0
7.59,tau_R,0,0.0
7.6000000000000005,tau_R,0,0.0
7.61,tau_R,0,0.0
7.62,tau_R,0,0.0
7.63,tau_R,0,0.0
7.640000000000001,tau_R,0,0.0
7.65,tau_R,0,0.0
7.66,tau_R,0,0.0
7.67,tau_R,0,0.0
7.68,tau_R,0,0.0
7.69,tau_R,0,0.0
7.7,tau_R,0,0.0
7.71,tau_R,0,0.0
7.72,tau_R,0,0.0
7.73,tau_R,0,0.0
7.74,tau_R,0,0.0
7.75,tau_R,0,0.0
7.76,tau_R,0,0.0
7.7700000000000005,tau_R,0,0.0
7.78,tau_R,0,0.0
7.79,tau_R,0,0.0
7.8,tau_R,0,0.0
7.8100000000000005,tau_R,0,0.0
7.82,tau_R,0,0.0
7.83,tau_R,0,0.0
7.84,tau_R,0,0.0
7.8500000000000005,tau_R,0,0.0
7.86,tau_R,0,0.0
7.87,tau_R,0,0.0
7.88,tau_R,0,0.0
7.890000000000001,tau_R,0,0.0
7.9,tau_R,0,0.0
7.91,tau_R,0,0.0
7.92,tau_R,0,0.0
7.930000000000001,tau_R,0,0.0
7.94,tau_R,0,0.0
7.95,tau_R,0,0.0
7.96,tau_R,0,0.0
7.97,tau_R,0,0.0
7.98,tau_R,0,0.0
7.99,tau_R,0,0.0
8.0,tau_R,0,0.0
8.01,tau_R,0,0.0
8.02,tau_R,0,0.0
8.03,tau_R,0,0.0
8.040000000000001,tau_R,0,0.0
8.05,tau_R,0,0.0
8.06,tau_R,0,0.0
8.07,tau_R,0,0.0
8.08,tau_R,0,0.0
8.09,tau_R,0,0.0
8.1,tau_R,0,0.0
8.11,tau_R,0,0.0
8.120000000000001,tau_R,0,0.0
8.13,tau_R,0,0.0
8.14,tau_R,0,0.0
8.15,tau_R,0,0.0
8.16,tau_R,0,0.0
8.17,tau_R,0,0.0
8.18,tau_R,0,0.0
8.19,tau_R,0,0.0
8.2,tau_R,0,0.0
8.21,tau_R,0,0.0
8.22,tau_R,0,0.0
8.23,tau_R,0,0.0
8.24,tau_R,0,0.0
8.25,tau_R,0,0.0
8.26,tau_R,0,0.0
8.27,tau_R,0,0.0
8.28,tau_R,0,0.0
8.290000000000001,tau_R,0,0.0
8.3,tau_R,0,0.0
8.31,tau_R,0,0.0
8.32,tau_R,0,0.0
8.33,tau_R,0,0.0
8.34,tau_R,0,0.0
8.35,tau_R,0,0.0
8.36,tau_R,0,0.0
8.370000000000001,tau_R,0,0.0
8.38,tau_R,0,0.0
8.39,tau_R,0,0.0
8.4,tau_R,0,0.0
8.41,tau_R,0,0.0
8.42,tau_R,0,0.0
8.43,tau_R,0,0.0
8.44,tau_R,0,0.0
8.45,tau_R,0,0.0
8.46,tau_R,0,0.0
8.47,tau_R,0,0.0
8.48,tau_R,0,0.0
8.49,tau_R,0,0.0
8.5,tau_R,0,0.0
8.51,tau_R,0,0.0
8.52,tau_R,0,0.0
8.53,tau_R,0,0.0
8.540000000000001,tau_R,0,0.0
8.55,tau_R,0,0.0
8.56,tau_R,0,0.0
8.57,tau_R,0,0.0
8.58,tau_R,0,0.0
8.59,tau_R,0,0.0
8.6,tau_R,0,0.0
8.61,tau_R,0,0.0
8.620000000000001,tau_R,0,0.0
8.63,tau_R,0,0.0
8.64,tau_R,0,0.0
8.65,tau_R,0,0.0
8.66,tau_R,0,0.0
8.67,tau_R,0,0.0
8.68,tau_R,0,0.0
8.69,tau_R,0,0.0
8.700000000000001,tau_R,0,0.0
8.71,tau_R,0,0.0
8.72,tau_R,0,0.0
8.73,tau_R,0,0.0
8.74,tau_R,0,0.0
8.75,tau_R,0,0.0
8.76,tau_R,0,0.0
8.77,tau_R,0,0.0
8.78,tau_R,0,0.0
8.790000000000001,tau_R,0,0.0
8.8,tau_R,0,0.0
8.81,tau_R,0,0.0
8.82,tau_R,0,0.0
8.83,tau_R,0,0.0
8.84,tau_R,0,0.0
8.85,tau_R,0,0.0
8.86,tau_R,0,0.0
8.870000000000001,tau_R,0,0.0
8.88,tau_R,0,0.0
8.89,tau_R,0,0.0
8.9,tau_R,0,0.0
8.91,tau_R,0,0.0
8.92,tau_R,0,0.0
8.93,tau_R,0,0.0
8.94,tau_R,0,0.0
8.950000000000001,tau_R,0,0.0
8.96,tau_R,0,0.0
8.97,tau_R,0,0.0
8.98,tau_R,0,0.0
8.99,tau_R,0,0.0
9.0,tau_R,0,0.0
9.01,tau_R,0,0.0
9.02,tau_R,0,0.0
9.03,tau_R,0,0.0
9.040000000000001,tau_R,0,0.0
9.05,tau_R,0,0.0
9.06,tau_R,0,0.0
9.07,tau_R,0,0.0
9.08,tau_R,0,0.0
9.09,tau_R,0,0.0
9.1,tau_R,0,0.0
9.11,tau_R,0,0.0
9.120000000000001,tau_R,0,0.0
9.13,tau_R,0,0.0
9.14,tau_R,0,0.0
9.15,tau_R,0,0.0
9.16,tau_R,0,0.0
9.17,tau_R,0,0.0
9.18,tau_R,0,0.0
9.19,tau_R,0,0.0
9.200000000000001,tau_R,0,0.0
9.21,tau_R,0,0.0
9.22,tau_R,0,0.0
9.23,tau_R,0,0.0
9.24,tau_R,0,0.0
9.25,tau_R,0,0.0
9.26,tau_R,0,0.0
9.27,tau_R,0,0.0
9.28,tau_R,0,0.0
9.290000000000001,tau_R,0,0.0
9.3,tau_R,0,0.0
9.31,tau_R,0,0.0
9.32,tau_R,0,0.0
9.33,tau_R,0,0.0
9.34,tau_R,0,0.0
9.35,tau_R,0,0.0
9.36,tau_R,0,0.0
9.370000000000001,tau_R,0,0.0
9.38,tau_R,0,0.0
9.39,tau_R,0,0.0
9.4,tau_R,0,0.0
9.41,tau_R,0,0.0
9.42,tau_R,0,0.0
9.43,tau_R,0,0.0
9.44,tau_R,0,0.0
9.450000000000001,tau_R,0,0.0
9.46,tau_R,0,0.0
9.47,tau_R,0,0.0
9.48,tau_R,0,0.0
9.49,tau_R,0,0.0
9.5,tau_R,0,0.0
9.51,tau_R,0,0.0
9.52,tau_R,0,0.0
9.53,tau_R,0,0.0
9.540000000000001,tau_R,0,0.0
9.55,tau_R,0,0.0
9.56,tau_R,0,0.0
9.57,tau_R,0,0.0
9.58,tau_R,0,0.0
9.59,tau_R,0,0.0
9.6,tau_R,0,0.0
9.61,tau_R,0,0.0
9.620000000000001,tau_R,0,0.0
9.63,tau_R,0,0.0
9.64,tau_R,0,0.0
9.65,tau_R,0,0.0
9.66,tau_R,0,0.0
9.67,tau_R,0,0.0
9.68,tau_R,0,0.0
9.69,tau_R,0,0.0
9.700000000000001,tau_R,0,0.0
9.71,tau_R,0,0.0
9.72,tau_R,0,0.0
9.73,tau_R,0,0.0
9.74,tau_R,0,0.0
9.75,tau_R,0,0.0
9.76,tau_R,0,0.0
9.77,tau_R,0,0.0
9.78,tau_R,0,0.0
9.790000000000001,tau_R,0,0.0
9.8,tau_R,0,0.0
9.81,tau_R,0,0.0
9.82,tau_R,0,0.0
9.83,tau_R,0,0.0
9.84,tau_R,0,0.0
9.85,tau_R,0,0.0
9.86,tau_R,0,0.0
9.870000000000001,tau_R,0,0.0
9.88,tau_R,0,0.0
9.89,tau_R,0,0.0
9.9,tau_R,0,0.0
9.91,tau_R,0,0.0
9.92,tau_R,0,0.0
9.93,tau_R,0,0.0
9.94,tau_R,0,0.0
9.950000000000001,tau_R,0,0.0
9.96,tau_R,0,0.0
9.97,tau_R,0,0.0
9.98,tau_R,0,0.0
9.99,tau_R,0,0.0
10.0,tau_R,0,0.0
10.01,tau_R,0,0.0
10.02,tau_R,0,0.0
10.03,tau_R,0,0.0
10.040000000000001,tau_R,0,0.0
10.05,tau_R,0,0.0
10.06,tau_R,0,0.0
10.07,tau_R,0,0.0
10.08,tau_R,0,0.0
10.09,tau_R,0,0.0
10.1,tau_R,0,0.0
10.11,tau_R,0,0.0
10.120000000000001,tau_R,0,0.0
10.13,tau_R,0,0.0
10.14,tau_R,0,0.0
10.15,tau_R,0,0.0
10.16,tau_R,0,0.0
10.17,tau_R,0,0.0
10.18,tau_R,0,0.0
10.19,tau_R,0,0.0
10.200000000000001,tau_R,0,0.0
10.21,tau_R,0,0.0
10.22,tau_R,0,0.0
10.23,tau_R,0,0.0
10.24,tau_R,0,0.0
10.25,tau_R,0,0.0
10.26,tau_R,0,0.0
10.27,tau_R,0,0.0
10.28,tau_R,0,0.0
10.290000000000001,tau_R,0,0.0
10.3,tau_R,0,0.0
10.31,tau_R,0,0.0
10.32,tau_R,0,0.0
10.33,tau_R,0,0.0
10.34,tau_R,0,0.0
10.35,tau_R,0,0.0
10.36,tau_R,0,0.0
10.370000000000001,tau_R,0,0.0
10.38,tau_R,0,0.0
10.39,tau_R,0,0.0
10.4,tau_R,0,0.0
10.41,tau_R,0,0.0
10.42,tau_R,0,0.0
10.43,tau_R,0,0.0
10.44,tau_R,0,0.0
10.450000000000001,tau_R,0,0.0
10.46,tau_R,0,0.0
10.47,tau_R,0,0.0
10.48,tau_R,0,0.0
10.49,tau_R,0,0.0
10.5,tau_R,0,0.0
10.51,tau_R,0,0.0
10.52,tau_R,0,0.0
10.53,tau_R,0,0.0
10.540000000000001,tau_R,0,0.0
10.55,tau_R,0,0.0
10.56,tau_R,0,0.0
10.57,tau_R,0,0.0
10.58,tau_R,0,0.0
10.59,tau_R,0,0.0
10.6,tau_R,0,0.0
10.61,tau_R,0,0.0
10.620000000000001,tau_R,0,0.0
10.63,tau_R,0,0.0
10.64,tau_R,0,0.0
10.65,tau_R,0,0.0
10.66,tau_R,0,0.0
10.67,tau_R,0,0.0
10.68,tau_R,0,0.0
10.69,tau_R,0,0.0
10.700000000000001,tau_R,0,0.0
10.71,tau_R,0,0.0
10.72,tau_R,0,0.0
10.73,tau_R,0,0.0
10.74,tau_R,0,0.0
10.75,tau_R,0,0.0
10.76,tau_R,0,0.0
10.77,tau_R,0,0.0
10.78,tau_R,0,0.0
10.790000000000001,tau_R,0,0.0
10.8,tau_R,0,0.0
10.81,tau_R,0,0.0
10.82,tau_R,0,0.0
10.83,tau_R,0,0.0
10.84,tau_R,0,0.0
10.85,tau_R,0,0.0
10.86,tau_R,0,0.0
10.870000000000001,tau_R,0,0.0
10.88,tau_R,0,0.0
10.89,tau_R,0,0.0
10.9,tau_R,0,0.0
10.91,tau_R,0,0.0
10.92,tau_R,0,0.0
10.93,tau_R,0,0.0
10.94,tau_R,0,0.0
10.950000000000001,tau_R,0,0.0
10.96,tau_R,0,0.0
10.97,tau_R,0,0.0
10.98,tau_R,0,0.0
10.99,tau_R,0,0.0
11.0,tau_R,0,0.0
11.01,tau_R,0,0.0
11.02,tau_R,0,0.0
11.03,tau_R,0,0.0
11.040000000000001,tau_R,0,0.0
11.05,tau_R,0,0.0
11.06,tau_R,0,0.0
11.07,tau_R,0,0.0
11.08,tau_R,0,0.0
11.09,tau_R,0,0.0
11.1,tau_R,0,0.0
11.11,tau_R,0,0.0
11.120000000000001,tau_R,0,0.0
11.13,tau_R,0,0.0
11.14,tau_R,0,0.0
11.15,tau_R,0,0.0
11.16,tau_R,0,0.0
11.17,tau_R,0,0.0
11.18,tau_R,0,0.0
11.19,tau_R,0,0.0
11.200000000000001,tau_R,0,0.0
11.21,tau_R,0,0.0
11.22,tau_R,0,0.0
11.23,tau_R,0,0.0
11.24,tau_R,0,0.0
11.25,tau_R,0,0.0
11.26,tau_R,0,0.0
11.27,tau_R,0,0.0
11.28,tau_R,0,0.0
11.290000000000001,tau_R,0,0.0
11.3,tau_R,0,0.0
11.31,tau_R,0,0.0
11.32,tau_R,0,0.0
11.33,tau_R,0,0.0
11.34,tau_R,0,0.0
11.35,tau_R,0,0.0
11.36,tau_R,0,0.0
11.370000000000001,tau_R,0,0.0
11.38,tau_R,0,0.0
11.39,tau_R,0,0.0
11.4,tau_R,0,0.0
11.41,tau_R,0,0.0
11.42,tau_R,0,0.0
11.43,tau_R,0,0.0
11.44,tau_R,0,0.0
11.450000000000001,tau_R,0,0.0
11.46,tau_R,0,0.0
11.47,tau_R,0,0.0
11.48,tau_R,0,0.0
11.49,tau_R,0,0.0
11.5,tau_R,0,0.0
11.51,tau_R,0,0.0
11.52,tau_R,0,0.0
11.53,tau_R,0,0.0
11.540000000000001,tau_R,0,0.0
11.55,tau_R,0,0.0
11.56,tau_R,0,0.0
11.57,tau_R,0,0.0
11.58,tau_R,0,0.0
11.59,tau_R,0,0.0
11.6,tau_R,0,0.0
11.61,tau_R,0,0.0
11.620000000000001,tau_R,0,0.0
11.63,tau_R,0,0.0
11.64,tau_R,0,0.0
11.65,tau_R,0,0.0
11.66,tau_R,0,0.0
11.67,tau_R,0,0.0
11.68,tau_R,0,0.0
11.69,tau_R,0,0.0
11.700000000000001,tau_R,0,0.0
11.71,tau_R,0,0.0
11.72,tau_R,0,0.0
11.73,tau_R,0,0.0
11.74,tau_R,0,0.0
11.75,tau_R,0,0.0
11.76,tau_R,0,0.0
11.77,tau_R,0,0.0
11.78,tau_R,0,0.0
11.790000000000001,tau_R,0,0.0
11.8,tau_R,0,0.0
11.81,tau_R,0,0.0
11.82,tau_R,0,0.0
11.83,tau_R,0,0.0
11.84,tau_R,0,0.0
11.85,tau_R,0,0.0
11.86,tau_R,0,0.0
11.870000000000001,tau_R,0,0.0
11.88,tau_R,0,0.0
11.89,tau_R,0,0.0
11.9,tau_R,0,0.0
11.91,tau_R,0,0.0
11.92,tau_R,0,0.0
11.93,tau_R,0,0.0
11.94,tau_R,0,0.0
11.950000000000001,tau_R,0,0.0
11.96,tau_R,0,0.0
11.97,tau_R,0,0.0
11.98,tau_R,0,0.0
11.99,tau_R,0,0.0
12.0,tau_R,0,0.0
12.01,tau_R,0,0.0
12.02,tau_R,0,0.0
12.030000000000001,tau_R,0,0.0
12.040000000000001,tau_R,0,0.0
12.05,tau_R,0,0.0
12.06,tau_R,0,0.0
12.07,tau_R,0,0.0
12.08,tau_R,0,0.0
12.09,tau_R,0,0.0
12.1,tau_R,0,0.0
12.11,tau_R,0,0.0
12.120000000000001,tau_R,0,0.0
12.13,tau_R,0,0.0
12.14,tau_R,0,0.0
12.15,tau_R,0,0.0
12.16,tau_R,0,0.0
12.17,tau_R,0,0.0
12.18,tau_R,0,0.0
12.19,tau_R,0,0.0
12.200000000000001,tau_R,0,0.0
12.21,tau_R,0,0.0
12.22,tau_R,0,0.0
12.23,tau_R,0,0.0
12.24,tau_R,0,0.0
12.25,tau_R,0,0.0
12.26,tau_R,0,0.0
12.27,tau_R,0,0.0
12.280000000000001,tau_R,0,0.0
12.290000000000001,tau_R,0,0.0
12.3,tau_R,0,0.0
12.31,tau_R,0,0.0
12.32,tau_R,0,0.0
12.33,tau_R,0,0.0
12.34,tau_R,0,0.0
12.35,tau_R,0,0.0
12.36,tau_R,0,0.0
12.370000000000001,tau_R,0,0.0
12.38,tau_R,0,0.0
12.39,tau_R,0,0.0
12.4,tau_R,0,0.0
12.41,tau_R,0,0.0
12.42,tau_R,0,0.0
12.43,tau_R,0,0.0
12.44,tau_R,0,0.0
12.450000000000001,tau_R,0,0.0
12.46,tau_R,0,0.0
12.47,tau_R,0,0.0
12.48,tau_R,0,0.0
12.49,tau_R,0,0.0
12.5,tau_R,0,0.0
12.51,tau_R,0,0.0
12.52,tau_R,0,0.0
12.530000000000001,tau_R,0,0.0
12.540000000000001,tau_R,0,0.0
12.55,tau_R,0,0.0
12.56,tau_R,0,0.0
12.57,tau_R,0,0.0
12.58,tau_R,0,0.0
12.59,tau_R,0,0.0
12.6,tau_R,0,0.0
12.61,tau_R,0,0.0
12.620000000000001,tau_R,0,0.0
12.63,tau_R,0,0.0
12.64,tau_R,0,0.0
12.65,tau_R,0,0.0
12.66,tau_R,0,0.0
12.67,tau_R,0,0.0
12.68,tau_R,0,0.0
12.69,tau_R,0,0.0
12.700000000000001,tau_R,0,0.0
12.71,tau_R,0,0.0
12.72,tau_R,0,0.0
12.73,tau_R,0,0.0
12.74,tau_R,0,0.0
12.75,tau_R,0,0.0
12.76,tau_R,0,0.0
12.77,tau_R,0,0.0
12.780000000000001,tau_R,0,0.0
12.790000000000001,tau_R,0,0.0
12.8,tau_R,0,0.0
12.81,tau_R,0,0.0
12.82,tau_R,0,0.0
12.83,tau_R,0,0.0
12.84,tau_R,0,0.0
12.85,tau_R,0,0.0
12.86,tau_R,0,0.0
12.870000000000001,tau_R,0,0.0
12.88,tau_R,0,0.0
12.89,tau_R,0,0.0
12.9,tau_R,0,0.0
12.91,tau_R,0,0.0
12.92,tau_R,0,0.0
12.93,tau_R,0,0.0
12.94,tau_R,0,0.0
12.950000000000001,tau_R,0,0.0
12.96,tau_R,0,0.0
12.97,tau_R,0,0.0
12.98,tau_R,0,0.0
12.99,tau_R,0,0.0
13.0,tau_R,0,0.0
13.01,tau_R,0,0.0
13.02,tau_R,0,0.0
13.030000000000001,tau_R,0,0.0
13.040000000000001,tau_R,0,0.0
13.05,tau_R,0,0.0
13.06,tau_R,0,0.0
13.07,tau_R,0,0.0
13.08,tau_R,0,0.0
13.09,tau_R,0,0.0
13.1,tau_R,0,0.0
13.11,tau_R,0,0.0
13.120000000000001,tau_R,0,0.0
13.13,tau_R,0,0.0
13.14,tau_R,0,0.0
13.15,tau_R,0,0.0
13.16,tau_R,0,0.0
13.17,tau_R,0,0.0
13.18,tau_R,0,0.0
13.19,tau_R,0,0.0
13.200000000000001,tau_R,0,0.0
13.21,tau_R,0,0.0
13.22,tau_R,0,0.0
13.23,tau_R,0,0.0
13.24,tau_R,0,0.0
13.25,tau_R,0,0.0
13.26,tau_R,0,0.0
13.27,tau_R,0,0.0
13.280000000000001,tau_R,0,0.0
13.290000000000001,tau_R,0,0.0
13.3,tau_R,0,0.0
13.31,tau_R,0,0.0
13.32,tau_R,0,0.0
13.33,tau_R,0,0.0
13.34,tau_R,0,0.0
13.35,tau_R,0,0.0
13.36,tau_R,0,0.0
13.370000000000001,tau_R,0,0.0
13.38,tau_R,0,0.0
13.39,tau_R,0,0.0
13.4,tau_R,0,0.0
13.41,tau_R,0,0.0
13.42,tau_R,0,0.0
13.43,tau_R,0,0.0
13.44,tau_R,0,0.0
13.450000000000001,tau_R,0,0.0
13.46,tau_R,0,0.0
13.47,tau_R,0,0.0
13.48,tau_R,0,0.0
13.49,tau_R,0,0.0
13.5,tau_R,0,0.0
13.51,tau_R,0,0.0
13.52,tau_R,0,0.0
13.530000000000001,tau_R,0,0.0
13.540000000000001,tau_R,0,0.0
13.55,tau_R,0,0.0
13.56,tau_R,0,0.0
13.57,tau_R,0,0.0
13.58,tau_R,0,0.0
13.59,tau_R,0,0.0
13.6,tau_R,0,0.0
13.61,tau_R,0,0.0
13.620000000000001,tau_R,0,0.0
13.63,tau_R,0,0.0
13.64,tau_R,0,0.0
13.65,tau_R,0,0.0
13.66,tau_R,0,0.0
13.67,tau_R,0,0.0
13.68,tau_R,0,0.0
13.69,tau_R,0,0.0
13.700000000000001,tau_R,0,0.0
13.71,tau_R,0,0.0
13.72,tau_R,0,0.0
13.73,tau_R,0,0.0
13.74,tau_R,0,0.0
13.75,tau_R,0,0.0
13.76,tau_R,0,0.0
13.77,tau_R,0,0.0
13.780000000000001,tau_R,0,0.0
13.790000000000001,tau_R,0,0.0
13.8,tau_R,0,0.0
13.81,tau_R,0,0.0
13.82,tau_R,0,0.0
13.83,tau_R,0,0.0
13.84,tau_R,0,0.0
13.85,tau_R,0,0.0
13.86,tau_R,0,0.0
13.870000000000001,tau_R,0,0.0
13.88,tau_R,0,0.0
13.89,tau_R,0,0.0
13.9,tau_R,0,0.0
13.91,tau_R,0,0.0
13.92,tau_R,0,0.0
13.93,tau_R,0,0.0
13.94,tau_R,0,0.0
13.950000000000001,tau_R,0,0.0
13.96,tau_R,0,0.0
13.97,tau_R,0,0.0
13.98,tau_R,0,0.0
13.99,tau_R,0,0.0
14.0,tau_R,0,0.0
14.01,tau_R,0,0.0
14.02,tau_R,0,0.0
14.030000000000001,tau_R,0,0.0
14.040000000000001,tau_R,0,0.0
14.05,tau_R,0,0.0
14.06,tau_R,0,0.0
14.07,tau_R,0,0.0
14.08,tau_R,0,0.0
14.09,tau_R,0,0.0
14.1,tau_R,0,0.0
14.11,tau_R,0,0.0
14.120000000000001,tau_R,0,0.0
14.13,tau_R,0,0.0
14.14,tau_R,0,0.0
14.15,tau_R,0,0.0
14.16,tau_R,0,0.0
14.17,tau_R,0,0.0
14.18,tau_R,0,0.0
14.19,tau_R,0,0.0
14.200000000000001,tau_R,0,0.0
14.21,tau_R,0,0.0
14.22,tau_R,0,0.0
14.23,tau_R,0,0.0
14.24,tau_R,0,0.0
14.25,tau_R,0,0.0
14.26,tau_R,0,0.0
14.27,tau_R,0,0.0
14.280000000000001,tau_R,0,0.0
14.290000000000001,tau_R,0,0.0
14.3,tau_R,0,0.0
14.31,tau_R,0,0.0
14.32,tau_R,0,0.0
14.33,tau_R,0,0.0
14.34,tau_R,0,0.0
14.35,tau_R,0,0.0
14.36,tau_R,0,0.0
14.370000000000001,tau_R,0,0.0
14.38,tau_R,0,0.0
14.39,tau_R,0,0.0
14.4,tau_R,0,0.0
14.41,tau_R,0,0.0
14.42,tau_R,0,0.0
14.43,tau_R,0,0.0
14.44,tau_R,0,0.0
14.450000000000001,tau_R,0,0.0
14.46,tau_R,0,0.0
14.47,tau_R,0,0.0
14.48,tau_R,0,0.0
14.49,tau_R,0,0.0
14.5,tau_R,0,0.0
14.51,tau_R,0,0.0
14.52,tau_R,0,0.0
14.530000000000001,tau_R,0,0.0
14.540000000000001,tau_R,0,0.0
14.55,tau_R,0,0.0
14.56,tau_R,0,0.0
14.57,tau_R,0,0.0
14.58,tau_R,0,0.0
14.59,tau_R,0,0.0
14.6,tau_R,0,0.0
14.61,tau_R,0,0.0
14.620000000000001,tau_R,0,0.0
14.63,tau_R,0,0.0
14.64,tau_R,0,0.0
14.65,tau_R,0,0.0
14.66,tau_R,0,0.0
14.67,tau_R,0,0.0
14.68,tau_R,0,0.0
14.69,tau_R,0,0.0
14.700000000000001,tau_R,0,0.0
14.71,tau_R,0,0.0
14.72,tau_R,0,0.0
14.73,tau_R,0,0.0
14.74,tau_R,0,0.0
14.75,tau_R,0,0.0
14.76,tau_R,0,0.0
14.77,tau_R,0,0.0
14.780000000000001,tau_R,0,0.0
14.790000000000001,tau_R,0,0.0
14.8,tau_R,0,0.0
14.81,tau_R,0,0.0
14.82,tau_R,0,0.0
14.83,tau_R,0,0.0
14.84,tau_R,0,0.0
14.85,tau_R,0,0.0
14.86,tau_R,0,0.0
14.870000000000001,tau_R,0,0.0
14.88,tau_R,0,0.0
14.89,tau_R,0,0.0
14.9,tau_R,0,0.0
14.91,tau_R,0,0.0
14.92,tau_R,0,0.0
14.93,tau_R,0,0.0
14.94,tau_R,0,0.0
14.950000000000001,tau_R,0,0.0
14.96,tau_R,0,0.0
14.97,tau_R,0,0.0
14.98,tau_R,0,0.0
14.99,tau_R,0,0.0
15.0,tau_R,0,0.0
15.01,tau_R,0,0.0
15.02,tau_R,0,0.0
15.030000000000001,tau_R,0,0.0
15.040000000000001,tau_R,0,0.0
15.05,tau_R,0,0.0
15.06,tau_R,0,0.0
15.07,tau_R,0,0.0
15.08,tau_R,0,0.0
15.09,tau_R,0,0.0
15.1,tau_R,0,0.0
15.11,tau_R,0,0.0
15.120000000000001,tau_R,0,0.0
15.13,tau_R,0,0.0
15.14,tau_R,0,0.0
15.15,tau_R,0,0.0
15.16,tau_R,0,0.0
15.17,tau_R,0,0.0
15.18,tau_R,0,0.0
15.19,tau_R,0,0.0
15.200000000000001,tau_R,0,0.0
15.21,tau_R,0,0.0
15.22,tau_R,0,0.0
15.23,tau_R,0,0.0
15.24,tau_R,0,0.0
15.25,tau_R,0,0.0
15.26,tau_R,0,0.0
15.27,tau_R,0,0.0
15.280000000000001,tau_R,0,0.0
15.290000000000001,tau_R,0,0.0
15.3,tau_R,0,0.0
15.31,tau_R,0,0.0
15.32,tau_R,0,0.0
15.33,tau_R,0,0.0
15.34,tau_R,0,0.0
15.35,tau_R,0,0.0
15.36,tau_R,0,0.0
15.370000000000001,tau_R,0,0.0
15.38,tau_R,0,0.0
15.39,tau_R,0,0.0
15.4,tau_R,0,0.0
15.41,tau_R,0,0.0
15.42,tau_R,0,0.0
15.43,tau_R,0,0.0
15.44,tau_R,0,0.0
15.450000000000001,tau_R,0,0.0
15.46,tau_R,0,0.0
15.47,tau_R,0,0.0
15.48,tau_R,0,0.0
15.49,tau_R,0,0.0
15.5,tau_R,0,0.0
15.51,tau_R,0,0.0
15.52,tau_R,0,0.0
15.530000000000001,tau_R,0,0.0
15.540000000000001,tau_R,0,0.0
15.55,tau_R,0,0.0
15.56,tau_R,0,0.0
15.57,tau_R,0,0.0
15.58,tau_R,0,0.0
15.59,tau_R,0,0.0
15.6,tau_R,0,0.0
15.610000000000001,tau_R,0,0.0
15.620000000000001,tau_R,0,0.0
15.63,tau_R,0,0.0
15.64,tau_R,0,0.0
15.65,tau_R,0,0.0
15.66,tau_R,0,0.0
15.67,tau_R,0,0.0
15.68,tau_R,0,0.0
15.69,tau_R,0,0.0
15.700000000000001,tau_R,0,0.0
15.71,tau_R,0,0.0
15.72,tau_R,0,0.0
15.73,tau_R,0,0.0
15.74,tau_R,0,0.0
15.75,tau_R,0,0.0
15.76,tau_R,0,0.0
15.77,tau_R,0,0.0
15.780000000000001,tau_R,0,0.0
15.790000000000001,tau_R,0,0.0
15.8,tau_R,0,0.0
15.81,tau_R,0,0.0
15.82,tau_R,0,0.0
15.83,tau_R,0,0.0
15.84,tau_R,0,0.0
15.85,tau_R,0,0.0
15.860000000000001,tau_R,0,0.0
15.870000000000001,tau_R,0,0.0
15.88,tau_R,0,0.0
15.89,tau_R,0,0.0
15.9,tau_R,0,0.0
15.91,tau_R,0,0.0
15.92,tau_R,0,0.0
15.93,tau_R,0,0.0
15.94,tau_R,0,0.0
15.950000000000001,tau_R,0,0.0
15.96,tau_R,0,0.0
15.97,tau_R,0,0.0
15.98,tau_R,0,0.0
15.99,tau_R,0,0.0
16.0,tau_R,0,0.0
16.01,tau_R,0,0.0
16.02,tau_R,0,0.0
16.03,tau_R,0,0.0
16.04,tau_R,0,0.0
16.05,tau_R,0,0.0
16.06,tau_R,0,0.0
16.07,tau_R,0,0.0
16.080000000000002,tau_R,0,0.0
16.09,tau_R,0,0.0
16.1,tau_R,0,0.0
16.11,tau_R,0,0.0
16.12,tau_R,0,0.0
16.13,tau_R,0,0.0
16.14,tau_R,0,0.0
16.15,tau_R,0,0.0
16.16,tau_R,0,0.0
16.17,tau_R,0,0.0
16.18,tau_R,0,0.0
16.19,tau_R,0,0.0
16.2,tau_R,0,0.0
16.21,tau_R,0,0.0
16.22,tau_R,0,0.0
16.23,tau_R,0,0.0
16.240000000000002,tau_R,0,0.0
16.25,tau_R,0,0.0
16.26,tau_R,0,0.0
16.27,tau_R,0,0.0
16.28,tau_R,0,0.0
16.29,tau_R,0,0.0
16.3,tau_R,0,0.0
16.31,tau_R,0,0.0
16.32,tau_R,0,0.0
16.330000000000002,tau_R,0,0.0
16.34,tau_R,0,0.0
16.35,tau_R,0,0.0
16.36,tau_R,0,0.0
16.37,tau_R,0,0.0
16.38,tau_R,0,0.0
16.39,tau_R,0,0.0
16.4,tau_R,0,0.0
16.41,tau_R,0,0.0
16.42,tau_R,0,0.0
16.43,tau_R,0,0.0
16.44,tau_R,0,0.0
16.45,tau_R,0,0.0
16.46,tau_R,0,0.0
16.47,tau_R,0,0.0
16.48,tau_R,0,0.0
16.490000000000002,tau_R,0,0.0
16.5,tau_R,0,0.0
16.51,tau_R,0,0.0
16.52,tau_R,0,0.0
16.53,tau_R,0,0.0
16.54,tau_R,0,0.0
16.55,tau_R,0,0.0
16.56,tau_R,0,0.0
16.57,tau_R,0,0.0
16.580000000000002,tau_R,0,0.0
16.59,tau_R,0,0.0
16.6,tau_R,0,0.0
16.61,tau_R,0,0.0
16.62,tau_R,0,0.0
16.63,tau_R,0,0.0
16.64,tau_R,0,0.0
16.65,tau_R,0,0.0
16.66,tau_R,0,0.0
16.67,tau_R,0,0.0
16.68,tau_R,0,0.0
16.69,tau_R,0,0.0
16.7,tau_R,0,0.0
16.71,tau_R,0,0.0
16.72,tau_R,0,0.0
16.73,tau_R,0,0.0
16.740000000000002,tau_R,0,0.0
16.75,tau_R,0,0.0
16.76,tau_R,0,0.0
16.77,tau_R,0,0.0
16.78,tau_R,0,0.0
16.79,tau_R,0,0.0
16.8,tau_R,0,0.0
16.81,tau_R,0,0.0
16.82,tau_R,0,0.0
16.830000000000002,tau_R,0,0.0
16.84,tau_R,0,0.0
16.85,tau_R,0,0.0
16.86,tau_R,0,0.0
16.87,tau_R,0,0.0
16.88,tau_R,0,0.0
16.89,tau_R,0,0.0
16.9,tau_R,0,0.0
16.91,tau_R,0,0.0
16.92,tau_R,0,0.0
16.93,tau_R,0,0.0
16.94,tau_R,0,0.0
16.95,tau_R,0,0.0
16.96,tau_R,0,0.0
16.97,tau_R,0,0.0
16.98,tau_R,0,0.0
16.990000000000002,tau_R,0,0.0
17.0,tau_R,0,0.0
17.01,tau_R,0,0.0
17.02,tau_R,0,0.0
17.03,tau_R,0,0.0
17.04,tau_R,0,0.0
17.05,tau_R,0,0.0
17.06,tau_R,0,0.0
17.07,tau_R,0,0.0
17.080000000000002,tau_R,0,0.0
17.09,tau_R,0,0.0
17.1,tau_R,0,0.0
17.11,tau_R,0,0.0
17.12,tau_R,0,0.0
17.13,tau_R,0,0.0
17.14,tau_R,0,0.0
17.150000000000002,tau_R,0,0.0
17.16,tau_R,0,0.0
17.17,tau_R,0,0.0
17.18,tau_R,0,0.0
17.19,tau_R,0,0.0
17.2,tau_R,0,0.0
17.21,tau_R,0,0.0
17.22,tau_R,0,0.0
17.23,tau_R,0,0.0
17.240000000000002,tau_R,0,0.0
17.25,tau_R,0,0.0
17.26,tau_R,0,0.0
17.27,tau_R,0,0.0
17.28,tau_R,0,0.0
17.29,tau_R,0,0.0
17.3,tau_R,0,0.0
17.31,tau_R,0,0.0
17.32,tau_R,0,0.0
17.330000000000002,tau_R,0,0.0
17.34,tau_R,0,0.0
17.35,tau_R,0,0.0
17.36,tau_R,0,0.0
17.37,tau_R,0,0.0
17.38,tau_R,0,0.0
17.39,tau_R,0,0.0
17.400000000000002,tau_R,0,0.0
17.41,tau_R,0,0.0
17.42,tau_R,0,0.0
17.43,tau_R,0,0.0
17.44,tau_R,0,0.0
17.45,tau_R,0,0.0
17.46,tau_R,0,0.0
17.47,tau_R,0,0.0
17.48,tau_R,0,0.0
17.490000000000002,tau_R,0,0.0
17.5,tau_R,0,0.0
17.51,tau_R,0,0.0
17.52,tau_R,0,0.0
17.53,tau_R,0,0.0
17.54,tau_R,0,0.0
17.55,tau_R,0,0.0
17.56,tau_R,0,0.0
17.57,tau_R,0,0.0
17.580000000000002,tau_R,0,0.0
17.59,tau_R,0,0.0
17.6,tau_R,0,0.0
17.61,tau_R,0,0.0
17.62,tau_R,0,0.0
17.63,tau_R,0,0.0
17.64,tau_R,0,0.0
17.650000000000002,tau_R,0,0.0
17.66,tau_R,0,0.0
17.67,tau_R,0,0.0
17.68,tau_R,0,0.0
17.69,tau_R,0,0.0
17.7,tau_R,0,0.0
17.71,tau_R,0,0.0
17.72,tau_R,0,0.0
17.73,tau_R,0,0.0
17.740000000000002,tau_R,0,0.0
17.75,tau_R,0,0.0
17.76,tau_R,0,0.0
17.77,tau_R,0,0.0
17.78,tau_R,0,0.0
17.79,tau_R,0,0.0
17.8,tau_R,0,0.0
17.81,tau_R,0,0.0
17.82,tau_R,0,0.0
17.830000000000002,tau_R,0,0.0
17.84,tau_R,0,0.0
17.85,tau_R,0,0.0
17.86,tau_R,0,0.0
17.87,tau_R,0,0.0
17.88,tau_R,0,0.0
17.89,tau_R,0,0.0
17.900000000000002,tau_R,0,0.0
17.91,tau_R,0,0.0
17.92,tau_R,0,0.0
17.93,tau_R,0,0.0
17.94,tau_R,0,0.0
17.95,tau_R,0,0.0
17.96,tau_R,0,0.0
17.97,tau_R,0,0.0
17.98,tau_R,0,0.0
17.990000000000002,tau_R,0,0.0
18.0,tau_R,0,0.0
18.01,tau_R,0,0.0
18.02,tau_R,0,0.0
18.03,tau_R,0,0.0
18.04,tau_R,0,0.0
18.05,tau_R,0,0.0
18.06,tau_R,0,0.0
18.07,tau_R,0,0.0
18.080000000000002,tau_R,0,0.0
18.09,tau_R,0,0.0
18.1,tau_R,0,0.0
18.11,tau_R,0,0.0
18.12,tau_R,0,0.0
18.13,tau_R,0,0.0
18.14,tau_R,0,0.0
18.150000000000002,tau_R,0,0.0
18.16,tau_R,0,0.0
18.17,tau_R,0,0.0
18.18,tau_R,0,0.0
18.19,tau_R,0,0.0
18.2,tau_R,0,0.0
18.21,tau_R,0,0.0
18.22,tau_R,0,0.0
18.23,tau_R,0,0.0
18.240000000000002,tau_R,0,0.0
18.25,tau_R,0,0.0
18.26,tau_R,0,0.0
18.27,tau_R,0,0.0
18.28,tau_R,0,0.0
18.29,tau_R,0,0.0
18.3,tau_R,0,0.0
18.31,tau_R,0,0.0
18.32,tau_R,0,0.0
18.330000000000002,tau_R,0,0.0
18.34,tau_R,0,0.0
18.35,tau_R,0,0.0
18.36,tau_R,0,0.0
18.37,tau_R,0,0.0
18.38,tau_R,0,0.0
18.39,tau_R,0,0.0
18.400000000000002,tau_R,0,0.0
18.41,tau_R,0,0.0
18.42,tau_R,0,0.0
18.43,tau_R,0,0.0
18.44,tau_R,0,0.0
18.45,tau_R,0,0.0
18.46,tau_R,0,0.0
18.47,tau_R,0,0.0
18.48,tau_R,0,0.0
18.490000000000002,tau_R,0,0.0
18.5,tau_R,0,0.0
18.51,tau_R,0,0.0
18.52,tau_R,0,0.0
18.53,tau_R,0,0.0
18.54,tau_R,0,0.0
18.55,tau_R,0,0.0
18.56,tau_R,0,0.0
18.57,tau_R,0,0.0
18.580000000000002,tau_R,0,0.0
18.59,tau_R,0,0.0
18.6,tau_R,0,0.0
18.61,tau_R,0,0.0
18.62,tau_R,0,0.0
18.63,tau_R,0,0.0
18.64,tau_R,0,0.0
18.650000000000002,tau_R,0,0.0
18.66,tau_R,0,0.0
18.67,tau_R,0,0.0
18.68,tau_R,0,0.0
18.69,tau_R,0,0.0
18.7,tau_R,0,0.0
18.71,tau_R,0,0.0
18.72,tau_R,0,0.0
18.73,tau_R,0,0.0
18.740000000000002,tau_R,0,0.0
18.75,tau_R,0,0.0
18.76,tau_R,0,0.0
18.77,tau_R,0,0.0
18.78,tau_R,0,0.0
18.79,tau_R,0,0.0
18.8,tau_R,0,0.0
18.81,tau_R,0,0.0
18.82,tau_R,0,0.0
18.830000000000002,tau_R,0,0.0
18.84,tau_R,0,0.0
18.85,tau_R,0,0.0
18.86,tau_R,0,0.0
18.87,tau_R,0,0.0
18.88,tau_R,0,0.0
18.89,tau_R,0,0.0
18.900000000000002,tau_R,0,0.0
18.91,tau_R,0,0.0
18.92,tau_R,0,0.0
18.93,tau_R,0,0.0
18.94,tau_R,0,0.0
18.95,tau_R,0,0.0
18.96,tau_R,0,0.0
18.97,tau_R,0,0.0
18.98,tau_R,0,0.0
18.990000000000002,tau_R,0,0.0
19.0,tau_R,0,0.0
19.01,tau_R,0,0.0
19.02,tau_R,0,0.0
19.03,tau_R,0,0.0
19.04,tau_R,0,0.0
19.05,tau_R,0,0.0
19.06,tau_R,0,0.0
19.07,tau_R,0,0.0
19.080000000000002,tau_R,0,0.0
19.09,tau_R,0,0.0
19.1,tau_R,0,0.0
19.11,tau_R,0,0.0
19.12,tau_R,0,0.0
19.13,tau_R,0,0.0
19.14,tau_R,0,0.0
19.150000000000002,tau_R,0,0.0
19.16,tau_R,0,0.0
19.17,tau_R,0,0.0
19.18,tau_R,0,0.0
19.19,tau_R,0,0.0
19.2,tau_R,0,0.0
19.21,tau_R,0,0.0
19.22,tau_R,0,0.0
19.23,tau_R,0,0.0
19.240000000000002,tau_R,0,0.0
19.25,tau_R,0,0.0
19.26,tau_R,0,0.0
19.27,tau_R,0,0.0
19.28,tau_R,0,0.0
19.29,tau_R,0,0.0
19.3,tau_R,0,0.0
19.31,tau_R,0,0.0
19.32,tau_R,0,0.0
19.330000000000002,tau_R,0,0.0
19.34,tau_R,0,0.0
19.35,tau_R,0,0.0
19.36,tau_R,0,0.0
19.37,tau_R,0,0.0
19.38,tau_R,0,0.0
19.39,tau_R,0,0.0
19.400000000000002,tau_R,0,0.0
19.41,tau_R,0,0.0
19.42,tau_R,0,0.0
19.43,tau_R,0,0.0
19.44,tau_R,0,0.0
19.45,tau_R,0,0.0
19.46,tau_R,0,0.0
19.47,tau_R,0,0.0
19.48,tau_R,0,0.0
19.490000000000002,tau_R,0,0.0
19.5,tau_R,0,0.0
19.51,tau_R,0,0.0
19.52,tau_R,0,0.0
19.53,tau_R,0,0.0
19.54,tau_R,0,0.0
19.55,tau_R,0,0.0
19.56,tau_R,0,0.0
19.57,tau_R,0,0.0
19.580000000000002,tau_R,0,0.0
19.59,tau_R,0,0.0
19.6,tau_R,0,0.0
19.61,tau_R,0,0.0
19.62,tau_R,0,0.0
19.63,tau_R,0,0.0
19.64,tau_R,0,0.0
19.650000000000002,tau_R,0,0.0
19.66,tau_R,0,0.0
19.67,tau_R,0,0.0
19.68,tau_R,0,0.0
19.69,tau_R,0,0.0
19.7,tau_R,0,0.0
19.71,tau_R,0,0.0
19.72,tau_R,0,0.0
19.73,tau_R,0,0.0
19.740000000000002,tau_R,0,0.0
19.75,tau_R,0,0.0
19.76,tau_R,0,0.0
19.77,tau_R,0,0.0
19.78,tau_R,0,0.0
19.79,tau_R,0,0.0
19.8,tau_R,0,0.0
19.81,tau_R,0,0.0
19.82,tau_R,0,0.0
19.830000000000002,tau_R,0,0.0
19.84,tau_R,0,0.0
19.85,tau_R,0,0.0
19.86,tau_R,0,0.0
19.87,tau_R,0,0.0
19.88,tau_R,0,0.0
19.89,tau_R,0,0.0
19.900000000000002,tau_R,0,0.0
19.91,tau_R,0,0.0
19.92,tau_R,0,0.0
19.93,tau_R,0,0.0
19.94,tau_R,0,0.0
19.95,tau_R,0,0.0
19.96,tau_R,0,0.0
19.97,tau_R,0,0.0
19.98,tau_R,0,0.0
19.990000000000002,tau_R,0,0.0
20.0,tau_R,0,0.0
20.01,tau_R,0,0.0
20.02,tau_R,0,0.0
20.03,tau_R,0,0.0
20.04,tau_R,0,0.0
20.05,tau_R,0,0.0
20.06,tau_R,0,0.0
20.07,tau_R,0,0.0
20.080000000000002,tau_R,0,0.0
20.09,tau_R,0,0.0
20.1,tau_R,0,0.0
20.11,tau_R,0,0.0
20.12,tau_R,0,0.0
20.13,tau_R,0,0.0
20.14,tau_R,0,0.0
20.150000000000002,tau_R,0,0.0
20.16,tau_R,0,0.0
20.17,tau_R,0,0.0
20.18,tau_R,0,0.0
20.19,tau_R,0,0.0
20.2,tau_R,0,0.0
20.21,tau_R,0,0.0
20.22,tau_R,0,0.0
20.23,tau_R,0,0.0
20.240000000000002,tau_R,0,0.0
20.25,tau_R,0,0.0
20.26,tau_R,0,0.0
20.27,tau_R,0,0.0
20.28,tau_R,0,0.0
20.29,tau_R,0,0.0
20.3,tau_R,0,0.0
20.31,tau_R,0,0.0
20.32,tau_R,0,0.0
20.330000000000002,tau_R,0,0.0
20.34,tau_R,0,0.0
20.35,tau_R,0,0.0
20.36,tau_R,0,0.0
20.37,tau_R,0,0.0
20.38,tau_R,0,0.0
20.39,tau_R,0,0.0
20.400000000000002,tau_R,0,0.0
20.41,tau_R,0,0.0
20.42,tau_R,0,0.0
20.43,tau_R,0,0.0
20.44,tau_R,0,0.0
20.45,tau_R,0,0.0
20.46,tau_R,0,0.0
20.47,tau_R,0,0.0
20.48,tau_R,0,0.0
20.490000000000002,tau_R,0,0.0
20.5,tau_R,0,0.0
20.51,tau_R,0,0.0
20.52,tau_R,0,0.0
20.53,tau_R,0,0.0
20.54,tau_R,0,0.0
20.55,tau_R,0,0.0
20.56,tau_R,0,0.0
20.57,tau_R,0,0.0
20.580000000000002,tau_R,0,0.0
20.59,tau_R,0,0.0
20.6,tau_R,0,0.0
20.61,tau_R,0,0.0
20.62,tau_R,0,0.0
20.63,tau_R,0,0.0
20.64,tau_R,0,0.0
20.650000000000002,tau_R,0,0.0
20.66,tau_R,0,0.0
20.67,tau_R,0,0.0
20.68,tau_R,0,0.0
20.69,tau_R,0,0.0
20.7,tau_R,0,0.0
20.71,tau_R,0,0.0
20.72,tau_R,0,0.0
20.73,tau_R,0,0.0
20.740000000000002,tau_R,0,0.0
20.75,tau_R,0,0.0
20.76,tau_R,0,0.0
20.77,tau_R,0,0.0
20.78,tau_R,0,0.0
20.79,tau_R,0,0.0
20.8,tau_R,0,0.0
20.81,tau_R,0,0.0
20.82,tau_R,0,0.0
20.830000000000002,tau_R,0,0.0
20.84,tau_R,0,0.0
20.85,tau_R,0,0.0
20.86,tau_R,0,0.0
20.87,tau_R,0,0.0
20.88,tau_R,0,0.0
20.89,tau_R,0,0.0
20.900000000000002,tau_R,0,0.0
20.91,tau_R,0,0.0
20.92,tau_R,0,0.0
20.93,tau_R,0,0.0
20.94,tau_R,0,0.0
20.95,tau_R,0,0.0
20.96,tau_R,0,0.0
20.97,tau_R,0,0.0
20.98,tau_R,0,0.0
20.990000000000002,tau_R,0,0.0
21.0,tau_R,0,0.0
21.01,tau_R,0,0.0
21.02,tau_R,0,0.0
21.03,tau_R,0,0.0
21.04,tau_R,0,0.0
21.05,tau_R,0,0.0
21.06,tau_R,0,0.0
21.07,tau_R,0,0.0
21.080000000000002,tau_R,0,0.0
21.09,tau_R,0,0.0
21.1,tau_R,0,0.0
21.11,tau_R,0,0.0
21.12,tau_R,0,0.0
21.13,tau_R,0,0.0
21.14,tau_R,0,0.0
21.150000000000002,tau_R,0,0.0
21.16,tau_R,0,0.0
21.17,tau_R,0,0.0
21.18,tau_R,0,0.0
21.19,tau_R,0,0.0
21.2,tau_R,0,0.0
21.21,tau_R,0,0.0
21.22,tau_R,0,0.0
21.23,tau_R,0,0.0
21.240000000000002,tau_R,0,0.0
21.25,tau_R,0,0.0
21.26,tau_R,0,0.0
21.27,tau_R,0,0.0
21.28,tau_R,0,0.0
21.29,tau_R,0,0.0
21.3,tau_R,0,0.0
21.31,tau_R,0,0.0
21.32,tau_R,0,0.0
21.330000000000002,tau_R,0,0.0
21.34,tau_R,0,0.0
21.35,tau_R,0,0.0
21.36,tau_R,0,0.0
21.37,tau_R,0,0.0
21.38,tau_R,0,0.0
21.39,tau_R,0,0.0
21.400000000000002,tau_R,0,0.0
21.41,tau_R,0,0.0
21.42,tau_R,0,0.0
21.43,tau_R,0,0.0
21.44,tau_R,0,0.0
21.45,tau_R,0,0.0
21.46,tau_R,0,0.0
21.47,tau_R,0,0.0
21.48,tau_R,0,0.0
21.490000000000002,tau_R,0,0.0
21.5,tau_R,0,0.0
21.51,tau_R,0,0.0
21.52,tau_R,0,0.0
21.53,tau_R,0,0.0
21.54,tau_R,0,0.0
21.55,tau_R,0,0.0
21.56,tau_R,0,0.0
21.57,tau_R,0,0.0
21.580000000000002,tau_R,0,0.0
21.59,tau_R,0,0.0
21.6,tau_R,0,0.0
21.61,tau_R,0,0.0
21.62,tau_R,0,0.0
21.63,tau_R,0,0.0
21.64,tau_R,0,0.0
21.650000000000002,tau_R,0,0.0
21.66,tau_R,0,0.0
21.67,tau_R,0,0.0
21.68,tau_R,0,0.0
21.69,tau_R,0,0.0
21.7,tau_R,0,0.0
21.71,tau_R,0,0.0
21.72,tau_R,0,0.0
21.73,tau_R,0,0.0
21.740000000000002,tau_R,0,0.0
21.75,tau_R,0,0.0
21.76,tau_R,0,0.0
21.77,tau_R,0,0.0
21.78,tau_R,0,0.0
21.79,tau_R,0,0.0
21.8,tau_R,0,0.0
21.81,tau_R,0,0.0
21.82,tau_R,0,0.0
21.830000000000002,tau_R,0,0.0
21.84,tau_R,0,0.0
21.85,tau_R,0,0.0
21.86,tau_R,0,0.0
21.87,tau_R,0,0.0
21.88,tau_R,0,0.0
21.89,tau_R,0,0.0
21.900000000000002,tau_R,0,0.0
21.91,tau_R,0,0.0
21.92,tau_R,0,0.0
21.93,tau_R,0,0.0
21.94,tau_R,0,0.0
21.95,tau_R,0,0.0
21.96,tau_R,0,0.0
21.97,tau_R,0,0.0
21.98,tau_R,0,0.0
21.990000000000002,tau_R,0,0.0
22.0,tau_R,0,0.0
22.01,tau_R,0,0.0
22.02,tau_R,0,0.0
22.03,tau_R,0,0.0
22.04,tau_R,0,0.0
22.05,tau_R,0,0.0
22.06,tau_R,0,0.0
22.07,tau_R,0,0.0
22.080000000000002,tau_R,0,0.0
22.09,tau_R,0,0.0
22.1,tau_R,0,0.0
22.11,tau_R,0,0.0
22.12,tau_R,0,0.0
22.13,tau_R,0,0.0
22.14,tau_R,0,0.0
22.150000000000002,tau_R,0,0.0
22.16,tau_R,0,0.0
22.17,tau_R,0,0.0
22.18,tau_R,0,0.0
22.19,tau_R,0,0.0
22.2,tau_R,0,0.0
22.21,tau_R,0,0.0
22.22,tau_R,0,0.0
22.23,tau_R,0,0.0
22.240000000000002,tau_R,0,0.0
22.25,tau_R,0,0.0
22.26,tau_R,0,0.0
22.27,tau_R,0,0.0
22.28,tau_R,0,0.0
22.29,tau_R,0,0.0
22.3,tau_R,0,0.0
22.31,tau_R,0,0.0
22.32,tau_R,0,0.0
22.330000000000002,tau_R,0,0.0
22.34,tau_R,0,0.0
22.35,tau_R,0,0.0
22.36,tau_R,0,0.0
22.37,tau_R,0,0.0
22.38,tau_R,0,0.0
22.39,tau_R,0,0.0
22.400000000000002,tau_R,0,0.0
22.41,tau_R,0,0.0
22.42,tau_R,0,0.0
22.43,tau_R,0,0.0
22.44,tau_R,0,0.0
22.45,tau_R,0,0.0
22.46,tau_R,0,0.0
22.47,tau_R,0,0.0
22.48,tau_R,0,0.0
22.490000000000002,tau_R,0,0.0
22.5,tau_R,0,0.0
22.51,tau_R,0,0.0
22.52,tau_R,0,0.0
22.53,tau_R,0,0.0
22.54,tau_R,0,0.0
22.55,tau_R,0,0.0
22.56,tau_R,0,0.0
22.57,tau_R,0,0.0
22.580000000000002,tau_R,0,0.0
22.59,tau_R,0,0.0
22.6,tau_R,0,0.0
22.61,tau_R,0,0.0
22.62,tau_R,0,0.0
22.63,tau_R,0,0.0
22.64,tau_R,0,0.0
22.650000000000002,tau_R,0,0.0
22.66,tau_R,0,0.0
22.67,tau_R,0,0.0
22.68,tau_R,0,0.0
22.69,tau_R,0,0.0
22.7,tau_R,0,0.0
22.71,tau_R,0,0.0
22.72,tau_R,0,0.0
22.73,tau_R,0,0.0
22.740000000000002,tau_R,0,0.0
22.75,tau_R,0,0.0
22.76,tau_R,0,0.0
22.77,tau_R,0,0.0
22.78,tau_R,0,0.0
22.79,tau_R,0,0.0
22.8,tau_R,0,0.0
22.81,tau_R,0,0.0
22.82,tau_R,0,0.0
22.830000000000002,tau_R,0,0.0
22.84,tau_R,0,0.0
22.85,tau_R,0,0.0
22.86,tau_R,0,0.0
22.87,tau_R,0,0.0
22.88,tau_R,0,0.0
22.89,tau_R,0,0.0
22.900000000000002,tau_R,0,0.0
22.91,tau_R,0,0.0
22.92,tau_R,0,0.0
22.93,tau_R,0,0.0
22.94,tau_R,0,0.0
22.95,tau_R,0,0.0
22.96,tau_R,0,0.0
22.97,tau_R,0,0.0
22.98,tau_R,0,0.0
22.990000000000002,tau_R,0,0.0
23.0,tau_R,0,0.0
23.01,tau_R,0,0.0
23.02,tau_R,0,0.0
23.03,tau_R,0,0.0
23.04,tau_R,0,0.0
23.05,tau_R,0,0.0
23.06,tau_R,0,0.0
23.07,tau_R,0,0.0
23.080000000000002,tau_R,0,0.0
23.09,tau_R,0,0.0
23.1,tau_R,0,0.0
23.11,tau_R,0,0.0
23.12,tau_R,0,0.0
23.13,tau_R,0,0.0
23.14,tau_R,0,0.0
23.150000000000002,tau_R,0,0.0
23.16,tau_R,0,0.0
23.17,tau_R,0,0.0
23.18,tau_R,0,0.0
23.19,tau_R,0,0.0
23.2,tau_R,0,0.0
23.21,tau_R,0,0.0
23.22,tau_R,0,0.0
23.23,tau_R,0,0.0
23.240000000000002,tau_R,0,0.0
23.25,tau_R,0,0.0
23.26,tau_R,0,0.0
23.27,tau_R,0,0.0
23.28,tau_R,0,0.0
23.29,tau_R,0,0.0
23.3,tau_R,0,0.0
23.31,tau_R,0,0.0
23.32,tau_R,0,0.0
23.330000000000002,tau_R,0,0.0
23.34,tau_R,0,0.0
23.35,tau_R,0,0.0
23.36,tau_R,0,0.0
23.37,tau_R,0,0.0
23.38,tau_R,0,0.0
23.39,tau_R,0,0.0
23.400000000000002,tau_R,0,0.0
23.41,tau_R,0,0.0
23.42,tau_R,0,0.0
23.43,tau_R,0,0.0
23.44,tau_R,0,0.0
23.45,tau_R,0,0.0
23.46,tau_R,0,0.0
23.47,tau_R,0,0.0
23.48,tau_R,0,0.0
23.490000000000002,tau_R,0,0.0
23.5,tau_R,0,0.0
23.51,tau_R,0,0.0
23.52,tau_R,0,0.0
23.53,tau_R,0,0.0
23.54,tau_R,0,0.0
23.55,tau_R,0,0.0
23.56,tau_R,0,0.0
23.57,tau_R,0,0.0
23.580000000000002,tau_R,0,0.0
23.59,tau_R,0,0.0
23.6,tau_R,0,0.0
23.61,tau_R,0,0.0
23.62,tau_R,0,0.0
23.63,tau_R,0,0.0
23.64,tau_R,0,0.0
23.650000000000002,tau_R,0,0.0
23.66,tau_R,0,0.0
23.67,tau_R,0,0.0
23.68,tau_R,0,0.0
23.69,tau_R,0,0.0
23.7,tau_R,0,0.0
23.71,tau_R,0,0.0
23.72,tau_R,0,0.0
23.73,tau_R,0,0.0
23.740000000000002,tau_R,0,0.0
23.75,tau_R,0,0.0
23.76,tau_R,0,0.0
23.77,tau_R,0,0.0
23.78,tau_R,0,0.0
23.79,tau_R,0,0.0
23.8,tau_R,0,0.0
23.81,tau_R,0,0.0
23.82,tau_R,0,0.0
23.830000000000002,tau_R,0,0.0
23.84,tau_R,0,0.0
23.85,tau_R,0,0.0
23.86,tau_R,0,0.0
23.87,tau_R,0,0.0
23.88,tau_R,0,0.0
23.89,tau_R,0,0.0
23.900000000000002,tau_R,0,0.0
23.91,tau_R,0,0.0
23.92,tau_R,0,0.0
23.93,tau_R,0,0.0
23.94,tau_R,0,0.0
23.95,tau_R,0,0.0
23.96,tau_R,0,0.0
23.97,tau_R,0,0.0
23.98,tau_R,0,0.0
23.990000000000002,tau_R,0,0.0
24.0,tau_R,0,0.0
24.01,tau_R,0,0.0
24.02,tau_R,0,0.0
24.03,tau_R,0,0.0
24.04,tau_R,0,0.0
24.05,tau_R,0,0.0
24.060000000000002,tau_R,0,0.0
24.07,tau_R,0,0.0
24.080000000000002,tau_R,0,0.0
24.09,tau_R,0,0.0
24.1,tau_R,0,0.0
24.11,tau_R,0,0.0
24.12,tau_R,0,0.0
24.13,tau_R,0,0.0
24.14,tau_R,0,0.0
24.150000000000002,tau_R,0,0.0
24.16,tau_R,0,0.0
24.17,tau_R,0,0.0
24.18,tau_R,0,0.0
24.19,tau_R,0,0.0
24.2,tau_R,0,0.0
24.21,tau_R,0,0.0
24.22,tau_R,0,0.0
24.23,tau_R,0,0.0
24.240000000000002,tau_R,0,0.0
24.25,tau_R,0,0.0
24.26,tau_R,0,0.0
24.27,tau_R,0,0.0
24.28,tau_R,0,0.0
24.29,tau_R,0,0.0
24.3,tau_R,0,0.0
24.310000000000002,tau_R,0,0.0
24.32,tau_R,0,0.0
24.330000000000002,tau_R,0,0.0
24.34,tau_R,0,0.0
24.35,tau_R,0,0.0
24.36,tau_R,0,0.0
24.37,tau_R,0,0.0
24.38,tau_R,0,0.0
24.39,tau_R,0,0.0
24.400000000000002,tau_R,0,0.0
24.41,tau_R,0,0.0
24.42,tau_R,0,0.0
24.43,tau_R,0,0.0
24.44,tau_R,0,0.0
24.45,tau_R,0,0.0
24.46,tau_R,0,0.0
24.47,tau_R,0,0.0
24.48,tau_R,0,0.0
24.490000000000002,tau_R,0,0.0
24.5,tau_R,0,0.0
24.51,tau_R,0,0.0
24.52,tau_R,0,0.0
24.53,tau_R,0,0.0
24.54,tau_R,0,0.0
24.55,tau_R,0,0.0
24.560000000000002,tau_R,0,0.0
24.57,tau_R,0,0.0
24.580000000000002,tau_R,0,0.0
24.59,tau_R,0,0.0
24.6,tau_R,0,0.0
24.61,tau_R,0,0.0
24.62,tau_R,0,0.0
24.63,tau_R,0,0.0
24.64,tau_R,0,0.0
24.650000000000002,tau_R,0,0.0
24.66,tau_R,0,0.0
24.67,tau_R,0,0.0
24.68,tau_R,0,0.0
24.69,tau_R,0,0.0
24.7,tau_R,0,0.0
24.71,tau_R,0,0.0
24.72,tau_R,0,0.0
24.73,tau_R,0,0.0
24.740000000000002,tau_R,0,0.0
24.75,tau_R,0,0.0
24.76,tau_R,0,0.0
24.77,tau_R,0,0.0
24.78,tau_R,0,0.0
24.79,tau_R,0,0.0
24.8,tau_R,0,0.0
24.810000000000002,tau_R,0,0.0
24.82,tau_R,0,0.0
24.830000000000002,tau_R,0,0.0
24.84,tau_R,0,0.0
24.85,tau_R,0,0.0
24.86,tau_R,0,0.0
24.87,tau_R,0,0.0
24.88,tau_R,0,0.0
24.89,tau_R,0,0.0
24.900000000000002,tau_R,0,0.0
24.91,tau_R,0,0.0
24.92,tau_R,0,0.0
24.93,tau_R,0,0.0
24.94,tau_R,0,0.0
24.95,tau_R,0,0.0
24.96,tau_R,0,0.0
24.97,tau_R,0,0.0
24.98,tau_R,0,0.0
24.990000000000002,tau_R,0,0.0
25.0,tau_R,0,0.0
25.01,tau_R,0,0.0
25.02,tau_R,0,0.0
25.03,tau_R,0,0.0
25.04,tau_R,0,0.0
25.05,tau_R,0,0.0
25.060000000000002,tau_R,0,0.0
25.07,tau_R,0,0.0
25.080000000000002,tau_R,0,0.0
25.09,tau_R,0,0.0
25.1,tau_R,0,0.0
25.11,tau_R,0,0.0
25.12,tau_R,0,0.0
25.13,tau_R,0,0.0
25.14,tau_R,0,0.0
25.150000000000002,tau_R,0,0.0
25.16,tau_R,0,0.0
25.17,tau_R,0,0.0
25.18,tau_R,0,0.0
25.19,tau_R,0,0.0
25.2,tau_R,0,0.0
25.21,tau_R,0,0.0
25.22,tau_R,0,0.0
25.23,tau_R,0,0.0
25.240000000000002,tau_R,0,0.0
25.25,tau_R,0,0.0
25.26,tau_R,0,0.0
25.27,tau_R,0,0.0
25.28,tau_R,0,0.0
25.29,tau_R,0,0.0
25.3,tau_R,0,0.0
25.310000000000002,tau_R,0,0.0
25.32,tau_R,0,0.0
25.330000000000002,tau_R,0,0.0
25.34,tau_R,0,0.0
25.35,tau_R,0,0.0
25.36,tau_R,0,0.0
25.37,tau_R,0,0.0
25.38,tau_R,0,0.0
25.39,tau_R,0,0.0
25.400000000000002,tau_R,0,0.0
25.41,tau_R,0,0.0
25.42,tau_R,0,0.0
25.43,tau_R,0,0.0
25.44,tau_R,0,0.0
25.45,tau_R,0,0.0
25.46,tau_R,0,0.0
25.47,tau_R,0,0.0
25.48,tau_R,0,0.0
25.490000000000002,tau_R,0,0.0
25.5,tau_R,0,0.0
25.51,tau_R,0,0.0
25.52,tau_R,0,0.0
25.53,tau_R,0,0.0
25.54,tau_R,0,0.0
25.55,tau_R,0,0.0
25.560000000000002,tau_R,0,0.0
25.57,tau_R,0,0.0
25.580000000000002,tau_R,0,0.0
25.59,tau_R,0,0.0
25.6,tau_R,0,0.0
25.61,tau_R,0,0.0
25.62,tau_R,0,0.0
25.63,tau_R,0,0.0
25.64,tau_R,0,0.0
25.650000000000002,tau_R,0,0.0
25.66,tau_R,0,0.0
25.67,tau_R,0,0.0
25.68,tau_R,0,0.0
25.69,tau_R,0,0.0
25.7,tau_R,0,0.0
25.71,tau_R,0,0.0
25.72,tau_R,0,0.0
25.73,tau_R,0,0.0
25.740000000000002,tau_R,0,0.0
25.75,tau_R,0,0.0
25.76,tau_R,0,0.0
25.77,tau_R,0,0.0
25.78,tau_R,0,0.0
25.79,tau_R,0,0.0
25.8,tau_R,0,0.0
25.810000000000002,tau_R,0,0.0
25.82,tau_R,0,0.0
25.830000000000002,tau_R,0,0.0
25.84,tau_R,0,0.0
25.85,tau_R,0,0.0
25.86,tau_R,0,0.0
25.87,tau_R,0,0.0
25.88,tau_R,0,0.0
25.89,tau_R,0,0.0
25.900000000000002,tau_R,0,0.0
25.91,tau_R,0,0.0
25.92,tau_R,0,0.0
25.93,tau_R,0,0.0
25.94,tau_R,0,0.0
25.95,tau_R,0,0.0
25.96,tau_R,0,0.0
25.97,tau_R,0,0.0
25.98,tau_R,0,0.0
25.990000000000002,tau_R,0,0.0
26.0,tau_R,0,0.0
26.01,tau_R,0,0.0
26.02,tau_R,0,0.0
26.03,tau_R,0,0.0
26.04,tau_R,0,0.0
26.05,tau_R,0,0.0
26.060000000000002,tau_R,0,0.0
26.07,tau_R,0,0.0
26.080000000000002,tau_R,0,0.0
26.09,tau_R,0,0.0
26.1,tau_R,0,0.0
26.11,tau_R,0,0.0
26.12,tau_R,0,0.0
26.13,tau_R,0,0.0
26.14,tau_R,0,0.0
26.150000000000002,tau_R,0,0.0
26.16,tau_R,0,0.0
26.17,tau_R,0,0.0
26.18,tau_R,0,0.0
26.19,tau_R,0,0.0
26.2,tau_R,0,0.0
26.21,tau_R,0,0.0
26.22,tau_R,0,0.0
26.23,tau_R,0,0.0
26.240000000000002,tau_R,0,0.0
26.25,tau_R,0,0.0
26.26,tau_R,0,0.0
26.27,tau_R,0,0.0
26.28,tau_R,0,0.0
26.29,tau_R,0,0.0
26.3,tau_R,0,0.0
26.310000000000002,tau_R,0,0.0
26.32,tau_R,0,0.0
26.330000000000002,tau_R,0,0.0
26.34,tau_R,0,0.0
26.35,tau_R,0,0.0
26.36,tau_R,0,0.0
26.37,tau_R,0,0.0
26.38,tau_R,0,0.0
26.39,tau_R,0,0.0
26.400000000000002,tau_R,0,0.0
26.41,tau_R,0,0.0
26.42,tau_R,0,0.0
26.43,tau_R,0,0.0
26.44,tau_R,0,0.0
26.45,tau_R,0,0.0
26.46,tau_R,0,0.0
26.47,tau_R,0,0.0
26.48,tau_R,0,0.0
26.490000000000002,tau_R,0,0.0
26.5,tau_R,0,0.0
26.51,tau_R,0,0.0
26.52,tau_R,0,0.0
26.53,tau_R,0,0.0
26.54,tau_R,0,0.0
26.55,tau_R,0,0.0
26.560000000000002,tau_R,0,0.0
26.57,tau_R,0,0.0
26.580000000000002,tau_R,0,0.0
26.59,tau_R,0,0.0
26.6,tau_R,0,0.0
26.61,tau_R,0,0.0
26.62,tau_R,0,0.0
26.63,tau_R,0,0.0
26.64,tau_R,0,0.0
26.650000000000002,tau_R,0,0.0
26.66,tau_R,0,0.0
26.67,tau_R,0,0.0
26.68,tau_R,0,0.0
26.69,tau_R,0,0.0
26.7,tau_R,0,0.0
26.71,tau_R,0,0.0
26.72,tau_R,0,0.0
26.73,tau_R,0,0.0
26.740000000000002,tau_R,0,0.0
26.75,tau_R,0,0.0
26.76,tau_R,0,0.0
26.77,tau_R,0,0.0
26.78,tau_R,0,0.0
26.79,tau_R,0,0.0
26.8,tau_R,0,0.0
26.810000000000002,tau_R,0,0.0
26.82,tau_R,0,0.0
26.830000000000002,tau_R,0,0.0
26.84,tau_R,0,0.0
26.85,tau_R,0,0.0
26.86,tau_R,0,0.0
26.87,tau_R,0,0.0
26.88,tau_R,0,0.0
26.89,tau_R,0,0.0
26.900000000000002,tau_R,0,0.0
26.91,tau_R,0,0.0
26.92,tau_R,0,0.0
26.93,tau_R,0,0.0
26.94,tau_R,0,0.0
26.95,tau_R,0,0.0
26.96,tau_R,0,0.0
26.97,tau_R,0,0.0
26.98,tau_R,0,0.0
26.990000000000002,tau_R,0,0.0
27.0,tau_R,0,0.0
27.01,tau_R,0,0.0
27.02,tau_R,0,0.0
27.03,tau_R,0,0.0
27.04,tau_R,0,0.0
27.05,tau_R,0,0.0
27.060000000000002,tau_R,0,0.0
27.07,tau_R,0,0.0
27.080000000000002,tau_R,0,0.0
27.09,tau_R,0,0.0
27.1,tau_R,0,0.0
27.11,tau_R,0,0.0
27.12,tau_R,0,0.0
27.13,tau_R,0,0.0
27.14,tau_R,0,0.0
27.150000000000002,tau_R,0,0.0
27.16,tau_R,0,0.0
27.17,tau_R,0,0.0
27.18,tau_R,0,0.0
27.19,tau_R,0,0.0
27.2,tau_R,0,0.0
27.21,tau_R,0,0.0
27.22,tau_R,0,0.0
27.23,tau_R,0,0.0
27.240000000000002,tau_R,0,0.0
27.25,tau_R,0,0.0
27.26,tau_R,0,0.0
27.27,tau_R,0,0.0
27.28,tau_R,0,0.0
27.29,tau_R,0,0.0
27.3,tau_R,0,0.0
27.310000000000002,tau_R,0,0.0
27.32,tau_R,0,0.0
27.330000000000002,tau_R,0,0.0
27.34,tau_R,0,0.0
27.35,tau_R,0,0.0
27.36,tau_R,0,0.0
27.37,tau_R,0,0.0
27.38,tau_R,0,0.0
27.39,tau_R,0,0.0
27.400000000000002,tau_R,0,0.0
27.41,tau_R,0,0.0
27.42,tau_R,0,0.0
27.43,tau_R,0,0.0
27.44,tau_R,0,0.0
27.45,tau_R,0,0.0
27.46,tau_R,0,0.0
27.47,tau_R,0,0.0
27.48,tau_R,0,0.0
27.490000000000002,tau_R,0,0.0
27.5,tau_R,0,0.0
27.51,tau_R,0,0.0
27.52,tau_R,0,0.0
27.53,tau_R,0,0.0
27.54,tau_R,0,0.0
27.55,tau_R,0,0.0
27.560000000000002,tau_R,0,0.0
27.57,tau_R,0,0.0
27.580000000000002,tau_R,0,0.0
27.59,tau_R,0,0.0
27.6,tau_R,0,0.0
27.61,tau_R,0,0.0
27.62,tau_R,0,0.0
27.63,tau_R,0,0.0
27.64,tau_R,0,0.0
27.650000000000002,tau_R,0,0.0
27.66,tau_R,0,0.0
27.67,tau_R,0,0.0
27.68,tau_R,0,0.0
27.69,tau_R,0,0.0
27.7,tau_R,0,0.0
27.71,tau_R,0,0.0
27.72,tau_R,0,0.0
27.73,tau_R,0,0.0
27.740000000000002,tau_R,0,0.0
27.75,tau_R,0,0.0
27.76,tau_R,0,0.0
27.77,tau_R,0,0.0
27.78,tau_R,0,0.0
27.79,tau_R,0,0.0
27.8,tau_R,0,0.0
27.810000000000002,tau_R,0,0.0
27.82,tau_R,0,0.0
27.830000000000002,tau_R,0,0.0
27.84,tau_R,0,0.0
27.85,tau_R,0,0.0
27.86,tau_R,0,0.0
27.87,tau_R,0,0.0
27.88,tau_R,0,0.0
27.89,tau_R,0,0.0
27.900000000000002,tau_R,0,0.0
27.91,tau_R,0,0.0
27.92,tau_R,0,0.0
27.93,tau_R,0,0.0
27.94,tau_R,0,0.0
27.95,tau_R,0,0.0
27.96,tau_R,0,0.0
27.97,tau_R,0,0.0
27.98,tau_R,0,0.0
27.990000000000002,tau_R,0,0.0
28.0,tau_R,0,0.0
28.01,tau_R,0,0.0
28.02,tau_R,0,0.0
28.03,tau_R,0,0.0
28.04,tau_R,0,0.0
28.05,tau_R,0,0.0
28.060000000000002,tau_R,0,0.0
28.07,tau_R,0,0.0
28.080000000000002,tau_R,0,0.0
28.09,tau_R,0,0.0
28.1,tau_R,0,0.0
28.11,tau_R,0,0.0
28.12,tau_R,0,0.0
28.13,tau_R,0,0.0
28.14,tau_R,0,0.0
28.150000000000002,tau_R,0,0.0
28.16,tau_R,0,0.0
28.17,tau_R,0,0.0
28.18,tau_R,0,0.0
28.19,tau_R,0,0.0
28.2,tau_R,0,0.0
28.21,tau_R,0,0.0
28.22,tau_R,0,0.0
28.23,tau_R,0,0.0
28.240000000000002,tau_R,0,0.0
28.25,tau_R,0,0.0
28.26,tau_R,0,0.0
28.27,tau_R,0,0.0
28.28,tau_R,0,0.0
28.29,tau_R,0,0.0
28.3,tau_R,0,0.0
28.310000000000002,tau_R,0,0.0
28.32,tau_R,0,0.0
28.330000000000002,tau_R,0,0.0
28.34,tau_R,0,0.0
28.35,tau_R,0,0.0
28.36,tau_R,0,0.0
28.37,tau_R,0,0.0
28.38,tau_R,0,0.0
28.39,tau_R,0,0.0
28.400000000000002,tau_R,0,0.0
28.41,tau_R,0,0.0
28.42,tau_R,0,0.0
28.43,tau_R,0,0.0
28.44,tau_R,0,0.0
28.45,tau_R,0,0.0
28.46,tau_R,0,0.0
28.47,tau_R,0,0.0
28.48,tau_R,0,0.0
28.490000000000002,tau_R,0,0.0
28.5,tau_R,0,0.0
28.51,tau_R,0,0.0
28.52,tau_R,0,0.0
28.53,tau_R,0,0.0
28.54,tau_R,0,0.0
28.55,tau_R,0,0.0
28.560000000000002,tau_R,0,0.0
28.57,tau_R,0,0.0
28.580000000000002,tau_R,0,0.0
28.59,tau_R,0,0.0
28.6,tau_R,0,0.0
28.61,tau_R,0,0.0
28.62,tau_R,0,0.0
28.63,tau_R,0,0.0
28.64,tau_R,0,0.0
28.650000000000002,tau_R,0,0.0
28.66,tau_R,0,0.0
28.67,tau_R,0,0.0
28.68,tau_R,0,0.0
28.69,tau_R,0,0.0
28.7,tau_R,0,0.0
28.71,tau_R,0,0.0
28.72,tau_R,0,0.0
28.73,tau_R,0,0.0
28.740000000000002,tau_R,0,0.0
28.75,tau_R,0,0.0
28.76,tau_R,0,0.0
28.77,tau_R,0,0.0
28.78,tau_R,0,0.0
28.79,tau_R,0,0.0
28.8,tau_R,0,0.0
28.810000000000002,tau_R,0,0.0
28.82,tau_R,0,0.0
28.830000000000002,tau_R,0,0.0
28.84,tau_R,0,0.0
28.85,tau_R,0,0.0
28.86,tau_R,0,0.0
28.87,tau_R,0,0.0
28.88,tau_R,0,0.0
28.89,tau_R,0,0.0
28.900000000000002,tau_R,0,0.0
28.91,tau_R,0,0.0
28.92,tau_R,0,0.0
28.93,tau_R,0,0.0
28.94,tau_R,0,0.0
28.95,tau_R,0,0.0
28.96,tau_R,0,0.0
28.97,tau_R,0,0.0
28.98,tau_R,0,0.0
28.990000000000002,tau_R,0,0.0
29.0,tau_R,0,0.0
29.01,tau_R,0,0.0
29.02,tau_R,0,0.0
29.03,tau_R,0,0.0
29.04,tau_R,0,0.0
29.05,tau_R,0,0.0
29.060000000000002,tau_R,0,0.0
29.07,tau_R,0,0.0
29.080000000000002,tau_R,0,0.0
29.09,tau_R,0,0.0
29.1,tau_R,0,0.0
29.11,tau_R,0,0.0
29.12,tau_R,0,0.0
29.13,tau_R,0,0.0
29.14,tau_R,0,0.0
29.150000000000002,tau_R,0,0.0
29.16,tau_R,0,0.0
29.17,tau_R,0,0.0
29.18,tau_R,0,0.0
29.19,tau_R,0,0.0
29.2,tau_R,0,0.0
29.21,tau_R,0,0.0
29.22,tau_R,0,0.0
29.23,tau_R,0,0.0
29.240000000000002,tau_R,0,0.0
29.25,tau_R,0,0.0
29.26,tau_R,0,0.0
29.27,tau_R,0,0.0
29.28,tau_R,0,0.0
29.29,tau_R,0,0.0
29.3,tau_R,0,0.0
29.310000000000002,tau_R,0,0.0
29.32,tau_R,0,0.0
29.330000000000002,tau_R,0,0.0
29.34,tau_R,0,0.0
29.35,tau_R,0,0.0
29.36,tau_R,0,0.0
29.37,tau_R,0,0.0
29.38,tau_R,0,0.0
29.39,tau_R,0,0.0
29.400000000000002,tau_R,0,0.0
29.41,tau_R,0,0.0
29.42,tau_R,0,0.0
29.43,tau_R,0,0.0
29.44,tau_R,0,0.0
29.45,tau_R,0,0.0
29.46,tau_R,0,0.0
29.47,tau_R,0,0.0
29.48,tau_R,0,0.0
29.490000000000002,tau_R,0,0.0
29.5,tau_R,0,0.0
29.51,tau_R,0,0.0
29.52,tau_R,1,1.0
29.53,tau_R,1,1.0
29.54,tau_R,1,1.0
29.55,tau_R,1,1.0
29.560000000000002,tau_R,1,1.0
29.57,tau_R,1,1.0
29.580000000000002,tau_R,1,1.0
29.59,tau_R,1,1.0
29.6,tau_R,1,1.0
29.61,tau_R,1,1.0
29.62,tau_R,1,1.0
29.63,tau_R,1,1.0
29.64,tau_R,1,1.0
29.650000000000002,tau_R,1,1.0
29.66,tau_R,1,1.0
29.67,tau_R,1,1.0
29.68,tau_R,1,1.0
29.69,tau_R,1,1.0
29.7,tau_R,1,1.0
29.71,tau_R,1,1.0
29.72,tau_R,1,1.0
29.73,tau_R,1,1.0
29.740000000000002,tau_R,1,1.0
29.75,tau_R,1,1.0
29.76,tau_R,1,1.0
29.77,tau_R,1,1.0
29.78,tau_R,1,1.0
29.79,tau_R,1,1.0
29.8,tau_R,1,1.0
29.810000000000002,tau_R,1,1.0
29.82,tau_R,1,1.0
29.830000000000002,tau_R,1,1.0
29.84,tau_R,1,1.0
29.85,tau_R,1,1.0
29.86,tau_R,1,1.0
29.87,tau_R,1,1.0
29.88,tau_R,1,1.0
29.89,tau_R,1,1.0
29.900000000000002,tau_R,1,1.0
29.91,tau_R,1,1.0
29.92,tau_R,1,1.0
29.93,tau_R,1,1.0
29.94,tau_R,1,1.0
29.95,tau_R,1,1.0
29.96,tau_R,1,1.0
29.97,tau_R,1,1.0
29.98,tau_R,1,1.0
29.990000000000002,tau_R,1,1.0
